Rank,Author,Title,Citations,Year,Source,cit/year
4,"Comaniciu, V Ramesh, P Meer",Kernel-based object tracking,6748,2003,https://ieeexplore.ieee.org/abstract/document/1195991/,355
1,"Yilmaz, O Javed, M Shah",Object tracking: A survey,6495,2006,https://dl.acm.org/doi/abs/10.1145/1177352.1177355,406
2,"Wu, J Lim, MH Yang",Online object tracking: A benchmark,4725,0,https://www.cv-foundation.org/openaccess/content_cvpr_2013/html/Wu_Online_Object_Tracking_2013_CVPR_paper.html,2
17," Bolme, JR Beveridge, BA Draper…",Visual object tracking using adaptive correlation filters,2365,2010,https://ieeexplore.ieee.org/abstract/document/5539960/?casa_token=wFFJndfLrdUAAAAA:AhhJeYMcI9YiPNXjNmmhHsmPubMMO-A2ji2E4mNXwiIxgLediZcuWE_rnXY3AG-mSgeccBXZLEQ,197
10,"Babenko, MH Yang…",Robust object tracking with online multiple instance learning,2322,2010,https://ieeexplore.ieee.org/abstract/document/5674053/,194
14,"Bertinetto, J Valmadre, JF Henriques…",Fully-convolutional siamese networks for object tracking,1865,2016,https://link.springer.com/chapter/10.1007/978-3-319-48881-3_56,311
13,"Bernardin, R Stiefelhagen",Evaluating multiple object tracking performance: the clear mot metrics,1590,2008,https://link.springer.com/content/pdf/10.1155/2008/246309.pdf,114
6,"Kristan, J Matas, A Leonardis…",The visual object tracking vot2015 challenge results,1266,0,https://www.cv-foundation.org/openaccess/content_iccv_2015_workshops/w14/html/Kristan_The_Visual_Object_ICCV_2015_paper.html,1
24,"Zhong, H Lu, MH Yang",Robust object tracking via sparsity-based collaborative model,1189,2012,https://ieeexplore.ieee.org/abstract/document/6247882/?casa_token=5FE7XWnyyVsAAAAA:khjR4r-KSNYoKp0mjJ43mc1543xe0BG3VIWezn3JsRGRZZLSr46LdeQ_iFHY5Xn9tD-TnzodeiA,119
52,"Koller, K Daniilidis, HH Nagel",Model-based object tracking in monocular image sequences of road traffic scenes,1080,1993,https://link.springer.com/content/pdf/10.1007/BF01539538.pdf,37
38,"Berclaz, F Fleuret, E Turetken…",Multiple object tracking using k-shortest paths optimization,1061,2011,https://ieeexplore.ieee.org/abstract/document/5708151/?casa_token=Zag1zXF89joAAAAA:tVNT7kX22BzvwMpbaP80dp_Q41NTa8xQDkdqCGBPLoSot9HxzWvB1vh-TGHBT_qg-xRX1S4YGiI,96
35,"Zhang, Y Li, R Nevatia",Global data association for multi-object tracking using network flows,1029,2008,https://ieeexplore.ieee.org/abstract/document/4587584/?casa_token=oPaqhI65CxkAAAAA:MQLzIfkr1O6sEjCIB6rJ2Dd9yU0qvCM22XfDmy9ip6nw4a5IWkb0eqOOpS3VwULNS0VwtzhDLVI,74
30,"Li, W Hu, C Shen, Z Zhang, A Dick…",A survey of appearance models in visual object tracking,752,2013,https://dl.acm.org/doi/abs/10.1145/2508037.2508039,84
108,"Yilmaz, X Li, M Shah",Contour-based object tracking with occlusion handling in video acquired using mobile cameras,729,2004,https://ieeexplore.ieee.org/abstract/document/1335457/?casa_token=gvjwSxuo6uMAAAAA:Cj1Q6WvKAhwtdalNbq6Xx2oP8uDCiEHfIrJRUb6Pkr81kwPUfrBnhJL2E_kn8NnqbVk1t_zan5w,40
18,"Zhou, Y Yuan, C Shi",Object tracking using SIFT features and mean shift,728,2009,https://www.sciencedirect.com/science/article/pii/S1077314208001331?casa_token=YedZY03phIMAAAAA:FACS5UUxVbzNMkYs2w3Re44JEB-zVpJld-C5XpH2cUsBJmPB9GKJdbi64dnmZmsM41CGIm_6344,56
16,"Milan, L Lea",MOT16: A benchmark for multi-object tracking,713,2016,https://arxiv.org/abs/1603.00831,119
11," Wang, C Thorpe, S Thrun…","Simultaneous localization, mapping and moving object tracking",686,2007,https://journals.sagepub.com/doi/abs/10.1177/0278364907081229,46
31, Bradski,Real time face and object tracking as a component of a perceptual user interface,672,1998,https://ieeexplore.ieee.org/abstract/document/732882/?casa_token=FJ-EG67KI5UAAAAA:1qQPfe5rGg7HJ44P8YiVwY0_uaWzY6t-EO_ajhA0RF6sluvYH5p5N2T--zGbFFHvrEYxN6Jdwu8,28
196," Green, D Bavelier",Enumeration versus multiple object tracking: The case of action video game players,668,2006,https://www.sciencedirect.com/science/article/pii/S0010027705001873?casa_token=XoGldzSrPQUAAAAA:PzcAB4j0eNo4RNStudJ0yIRtWWMlLX2yqbjTznjlEBqko9sMOQNQs6EEJ9hCEfJFMj9A27cbBls,42
43,"Huang, B Wu, R Nevatia",Robust object tracking by hierarchical association of detection responses,638,2008,https://link.springer.com/chapter/10.1007/978-3-540-88688-4_58,46
71,"Gaidon, Q Wang, Y Cabon, E Vig",Virtual worlds as proxy for multi-object tracking analysis,624,0,https://www.cv-foundation.org/openaccess/content_cvpr_2016/html/Gaidon_Virtual_Worlds_as_CVPR_2016_paper.html,0
8,"Kristan, A Leonardis, J Matas…",The visual object tracking vot2017 challenge results,616,2017,https://openaccess.thecvf.com/content_ICCV_2017_workshops/w28/html/Kristan_The_Visual_Object_ICCV_2017_paper.html,123
69,"Hong, Z Chen, C Wang, X Mei…",Multi-store tracker (muster): A cognitive psychology inspired approach to object tracking,593,2015,http://openaccess.thecvf.com/content_cvpr_2015/html/Hong_MUlti-Store_Tracker_MUSTer_2015_CVPR_paper.html,85
82," Allen, RYD Xu, JS Jin",Object tracking using camshift algorithm and multiple quantized feature spaces,509,2004,https://citeseerx.ist.psu.edu/viewdoc/download?doi=10.1.1.90.4741&rep=rep1&type=pdf,28
46,"Xiang, A Alahi, S Savarese",Learning to track: Online multi-object tracking by decision making,502,0,https://www.cv-foundation.org/openaccess/content_iccv_2015/html/Xiang_Learning_to_Track_ICCV_2015_paper.html,0
7,"Wang, H Lu, MH Yang",Online object tracking with sparse prototypes,500,2012,https://ieeexplore.ieee.org/abstract/document/6212358/,50
76,"Yang, R Duraiswami, L Davis",Fast multiple object tracking via a hierarchical particle filter,495,2005,https://ieeexplore.ieee.org/abstract/document/1541259/?casa_token=ki_arKS-ckYAAAAA:HizO0jd5IkxhmUz_BgcP7rISq2qVRHWeq9KMMZCX2ZegMPfSPhmLu-o84bploRYffpc3BFpq62M,29
104,"Patten, H Ishii, J Hines, G Pangaro",Sensetable: a wireless object tracking platform for tangible user interfaces,484,2001,https://dl.acm.org/doi/abs/10.1145/365024.365112,23
26,"Tao, HS Sawhney, R Kumar",Object tracking with bayesian estimation of dynamic layer representations,453,2002,https://ieeexplore.ieee.org/abstract/document/982885/?casa_token=pcBymAf135YAAAAA:6yzZLt9yqjn2--JbmgLdhNAJk0GyihVHZarzupXgHGQPNbS_S6PXwh6b30PGNlQ-6nJt3Qe0skg,23
86,"Rui, Y Chen",Better proposal distributions: Object tracking using unscented particle filter,439,2001,https://ieeexplore.ieee.org/abstract/document/991045/?casa_token=QBJmFAVHMYoAAAAA:1W_MPP6oeKJxd0n7aH1kXyEtR0wfyfSerxFWM6gVlV1HosUAVRmrasp2fEisAHya-6lzicDg_rE,21
114,"Zhu, Q Wang, B Li, W Wu, J Yan…",Distractor-aware siamese networks for visual object tracking,437,2018,http://openaccess.thecvf.com/content_ECCV_2018/html/Zheng_Zhu_Distractor-aware_Siamese_Networks_ECCV_2018_paper.html,109
42,"Carey, F Xu",Infants' knowledge of objects: Beyond object files and object tracking,436,2001,https://www.sciencedirect.com/science/article/pii/S0010027700001542?casa_token=EmWQkQFH3aYAAAAA:KXXZegnP4dOT0_nT6E6dTUqeTvft14tS8rTkvQgAzXpGn15iIdTnQImrqGIhuuVL-hh6tUGN5t0,21
252," Zamir, A Dehghan, M Shah",Gmcp-tracker: Global multi-object tracking using generalized minimum clique graphs,397,2012,https://link.springer.com/chapter/10.1007/978-3-642-33709-3_25,40
59," Scholl, ZW Pylyshyn, J Feldman",What is a visual object? Evidence from target merging in multiple object tracking,396,2001,https://www.sciencedirect.com/science/article/pii/S0010027700001578?casa_token=KkZatRHtRTkAAAAA:O0WSxu-pj18m74obERVroSQp2ajb12MMOg8BjRBa2iJS7Gx9Gn8m3bpZWKxKGtuIiY3_qZm3uHQ,19
121," Bae, KJ Yoon",Robust online multi-object tracking based on tracklet confidence and online discriminative appearance learning,393,2014,http://openaccess.thecvf.com/content_cvpr_2014/html/Bae_Robust_Online_Multi-Object_2014_CVPR_paper.html,49
53,"Xu, J Winter, WC Lee",Prediction-based strategies for energy saving in object tracking sensor networks,392,2004,https://ieeexplore.ieee.org/abstract/document/1263084/?casa_token=FMXaQFivvh4AAAAA:jRj9Tm-hTCjR4hO-a-lz-B384UPGBwyTBx0i8crPNIsj-8o9Et7ti6lSkfRRhsW1pNOc4vS9sB8,22
37,"Jiang, S Fels, JJ Little",A linear programming approach for multiple object tracking,389,2007,https://ieeexplore.ieee.org/abstract/document/4270205/?casa_token=EkaI_PX5e2wAAAAA:YuqbdWVYLnIwrTGrHhI1RsIUKYKuqR7eK4Qa8Ce1_44nywPNFlJaNNHj8Du7gC7SXzvv3MTIW1Q,26
97,"Leibe, K Schindler, L Van Gool",Coupled detection and trajectory estimation for multi-object tracking,377,2007,https://ieeexplore.ieee.org/abstract/document/4408936/?casa_token=4rs3k65MATwAAAAA:1-3wMCipRxCfv7I-hSAD9CELDtae8iemvItSBthql-grBSV9j_yzY1d_eWuBJKIR8JjV_NMH5ME,25
126,"Wang, Y Liu, Z Huang",Large margin object tracking with circulant feature maps,370,2017,http://openaccess.thecvf.com/content_cvpr_2017/html/Wang_Large_Margin_Object_CVPR_2017_paper.html,74
27,"Luo, J Xing, A Milan, X Zhang, W Liu, TK Kim",Multiple object tracking: A literature review,368,2020,https://www.sciencedirect.com/science/article/pii/S0004370220301958?casa_token=07J_eTL33ucAAAAA:OSMjMrHEKUwGRXwP3yKeUUlbCkrIbKNCAIUF8G3qSWdFopgMb41lul4769GoIEOy-oDuX1VZwdI,184
62,"Guo, W Feng, C Zhou, R Huang…",Learning dynamic siamese network for visual object tracking,366,2017,http://openaccess.thecvf.com/content_iccv_2017/html/Guo_Learning_Dynamic_Siamese_ICCV_2017_paper.html,73
9,"Wang, L Zhang, L Bertinetto…",Fast online object tracking and segmentation: A unifying approach,362,2019,http://openaccess.thecvf.com/content_CVPR_2019/html/Wang_Fast_Online_Object_Tracking_and_Segmentation_A_Unifying_Approach_CVPR_2019_paper.html,121
80,"Zhong, H Lu, MH Yang",Robust object tracking via sparse collaborative appearance model,361,2014,https://ieeexplore.ieee.org/abstract/document/6777566/?casa_token=DsZW32EYPVUAAAAA:qGQt7Q8C8LpDLlOyntfV8WWLvpFllagW9Q2uyhg4965FpYeFLU5D-YdrZbvddg44U2zLTccn5PM,45
84,"Zivkovic, B Krose",An EM-like algorithm for color-histogram-based object tracking,359,2004,https://ieeexplore.ieee.org/abstract/document/1315113/?casa_token=ncjX8dlJ8wIAAAAA:V3iM7NRWKoSw_Sg2QbEVS5YIowhFdSVk28NG2Xsj0iyh-6Dm03BMfENJW1dUlcgJXSoinQDJyrw,20
60,"Comaniciu, V Ramesh",Mean shift and optimal prediction for efficient object tracking,357,2000,https://ieeexplore.ieee.org/abstract/document/899297/?casa_token=bES46Xrk-LIAAAAA:rGqTFQYTRiKFjGW-uFp0tv6qbslkL_1ZUMGBI6iu0fX45-YOukoTXgr74EQY_D5OxXj9hGy8bZY,16
93," Weng, CM Kuo, SK Tu",Video object tracking using adaptive Kalman filter,349,2006,https://www.sciencedirect.com/science/article/pii/S1047320306000113?casa_token=ib73jqFCXyMAAAAA:-pdqtefOdfZ3unVhsJgxFhLBgajegY0AFt0kmRSxchtP4HBJRRIxDhKlcgb39gwzEmR_ZKk4-MQ,22
22,"Nummiaro, E Kolle",Object tracking with an adaptive color-based particle filter,343,2002,https://link.springer.com/chapter/10.1007/3-540-45783-6_43,17
231,"A Perera, C Srinivas, A Hoogs…",Multi-object tracking through simultaneous long occlusions and split-merge conditions,340,2006,https://ieeexplore.ieee.org/abstract/document/1640818/?casa_token=M7koI9XiSRMAAAAA:2cC3usQI1QeD7xfQi1xHMytdKL1WxstrLkwH0SSjcnlLfOwljEq8CrgbY7vb1lDykC9kj3s0oQw,21
141," Lin, WC Peng, YC Tseng",Efficient in-network moving object tracking in wireless sensor networks,328,2006,https://ieeexplore.ieee.org/abstract/document/1644749/?casa_token=iY9DF4oZxmwAAAAA:n0WBFAo6fB4QrwX9xyV-2dtS4Xt76PQhB5bskY8LGBRE3_XN6Ccvr68pistRNiBXPJIzD4LRn5k,20
3,"Challa, MR Morelande, D Mušicki, RJ Evans",Fundamentals of object tracking,319,2011,https://books.google.com/books?hl=en&lr=&id=DOKJGnNh9HgC&oi=fnd&pg=PR5&dq=object+tracking&ots=6Jqa6M-hX6&sig=KumkrBX1gqsENU_lM0dtfD63DqQ,29
90,"Zhang, C Xu, MH Yang",Multi-task correlation particle filter for robust object tracking,314,2017,http://openaccess.thecvf.com/content_cvpr_2017/html/Zhang_Multi-Task_Correlation_Particle_CVPR_2017_paper.html,63
20,"Zhong, AK Jain…",Object tracking using deformable templates,306,2000,https://ieeexplore.ieee.org/abstract/document/857008/?casa_token=04MajzdHhpAAAAAA:Rwd2nloSrWNgZCS-i1lZf5eyXpXqHpt-04yMfGo5JVR69CQl13z24fDTTXJLHyWycydU7Gn6qd8,14
32,"Grabner, J Matas, L Van Gool…",Tracking the invisible: Learning where the object might be,295,2010,https://ieeexplore.ieee.org/abstract/document/5539819/?casa_token=v-lsrPULFbgAAAAA:sLwSbQApB4m2x-u4WGM94OEds57mq4CkADk9UAKKMqBreHPW3f1mJKLN0UcmTQp3xr90UDK3Vdg,25
21,"Kristan, A Leonardis, J Matas…",The sixth visual object tracking vot2018 challenge results,293,2018,http://openaccess.thecvf.com/content_eccv_2018_workshops/w1/html/Kristan_The_sixth_Visual_Object_Tracking_VOT2018_challenge_results_ECCVW_2018_paper.html,73
28,"He, C Luo, X Tian, W Zeng",A twofold siamese network for real-time object tracking,293,2018,http://openaccess.thecvf.com/content_cvpr_2018/html/He_A_Twofold_Siamese_CVPR_2018_paper.html,73
99," Burt, JR Bergen, R Hingorani…",Object tracking with a moving camera,291,1989,https://www.computer.org/csdl/proceedings-article/wvm/1989/00047088/12OmNzTH0Vr,9
193,"Xing, H Ai, S Lao",Multi-object tracking through occlusions by local tracklets filtering and global tracklets association with detection responses,288,2009,https://ieeexplore.ieee.org/abstract/document/5206745/?casa_token=3RFnViV7NNMAAAAA:pQxRrbqTHgDI7qBS1t850HPXGORF681DSE-QJp-o0M7fOtcQFEX0K2u3AyCwxI6yNRq9ro-2Mlw,22
264,"Oksama, J Hyönä",Is multiple object tracking carried out automatically by an early vision mechanism independent of higher‐order cognition? An individual difference approach,284,2004,https://www.tandfonline.com/doi/abs/10.1080/13506280344000473?casa_token=wlTvCGGLEP0AAAAA:jCx8ys0zsdpzdYhH7LgUyE3pjC26D96q5D3sXIlVGkprx7sk2hZeWCGyKZmIsIk3p8TDL8ilJjLzgKc,16
200,"Chaumette, P Rives, B Espiau","Positioning of a robot with respect to an object, tracking it and estimating its velocity by visual servoing.",276,1991,https://www.academia.edu/download/42221815/Positioning_of_a_robot_with_respect_to_a20160206-1439-120avz6.pdf,9
137,"Ning, L Zhang, D Zhang, C Wu",Robust object tracking using joint color-texture histogram,272,2009,https://www.worldscientific.com/doi/abs/10.1142/S0218001409007624,21
138,Yilmaz,Object tracking by asymmetric kernel mean shift with automatic scale and orientation selection,269,2007,https://ieeexplore.ieee.org/abstract/document/4270012/?casa_token=Ku3xHAlVyv8AAAAA:q9sMaO00A8nvcv1r5i11r1z5InaNpJ4Ctdxv64MuApBg24EphUFRhNF9-_S7EzU0SO09ZYqMcRw,18
40,Pylyshyn,Some puzzling findings in multiple object tracking: I. Tracking without keeping track of object identities,265,2004,https://www.tandfonline.com/doi/abs/10.1080/13506280344000518?casa_token=48l6-SdKVo4AAAAA:53Mk_4N22xRxXxfGW2fBqnm1rbaEPTvi5lSd7J8vftNViDaLdiptpqIAZFBFZmkR6YM7g8oKr0PJi9Y,15
112," Nguyen, AWM Smeulders",Fast occluded object tracking by a robust appearance filter,259,2004,https://ieeexplore.ieee.org/abstract/document/1307017/?casa_token=VXzXy908gZgAAAAA:fgtbX6WR3o63-Z07G9-jqzUJXspetuGUROWFo4ToHappxxwJilRT06JkRCNG9DrzVIJVE71KJSg,14
127," Sears, ZW Pylyshyn",Multiple object tracking and attentional processing.,258,2000,https://psycnet.apa.org/doiLanding?doi=10.1037/h0087326,12
19,"Fan, L Lin, F Yang, P Chu, G Deng…",Lasot: A high-quality benchmark for large-scale single object tracking,252,2019,http://openaccess.thecvf.com/content_CVPR_2019/html/Fan_LaSOT_A_High-Quality_Benchmark_for_Large-Scale_Single_Object_Tracking_CVPR_2019_paper.html,84
175,"Bashir, F Porikli",Performance evaluation of object detection and tracking systems,235,2006,https://www.researchgate.net/profile/James_Ferryman/publication/277284667_Computer_Vision_and_Pattern_RecognitionCVPR'06_In_cooperation_with_IEEE_Computer_SocietyEdited_by/links/562e00b608ae22b17034ce19/Computer-Vision-and-Pattern-RecognitionCVPR06-In-cooperation-with-IEEE-Computer-SocietyEdited-by.pdf#page=15,15
107,"Milan, K Schindler, S Roth",Detection-and trajectory-level exclusion in multiple object tracking,231,2013,http://openaccess.thecvf.com/content_cvpr_2013/html/Milan_Detection-_and_Trajectory-Level_2013_CVPR_paper.html,26
171,"Ning, J Yang, S Jiang, L Zhang…",Object tracking via dual linear structured SVM and explicit feature map,230,0,https://www.cv-foundation.org/openaccess/content_cvpr_2016/html/Ning_Object_Tracking_via_CVPR_2016_paper.html,0
109," Tsai, CP Chu, TS Chen",Mobile object tracking in wireless sensor networks,229,2007,https://www.sciencedirect.com/science/article/pii/S014036640700093X?casa_token=eSjpMeUErR8AAAAA:3NmNHEPLTkZ91RnG5EArl7_wGk4TAO8-3nEhIa3OQDAxz0Gd5odaNuy-N8bzdAnBVg5ZZKYm7Y4,15
54,"Wang, D Suter, K Schindler…",Adaptive object tracking based on an effective appearance filter,229,2007,https://ieeexplore.ieee.org/abstract/document/4288167/?casa_token=hTlqqidKIkYAAAAA:s-m9m8cIngkXeDYBcaU6RCy-c-sgTqEN0NzvvnfwooCf8FU3o7ZWof1EPg5K6y9-7JMEftUp3Ls,15
129,"Wang, Y Yagi",Integrating color and shape-texture features for adaptive real-time object tracking,225,2008,https://ieeexplore.ieee.org/abstract/document/4401720/?casa_token=1scP0VM7ZgIAAAAA:4qxMM6XXajE2Mlg7xBSdVSRqeJGgM2E9kVe7_VqeT-M2Dchcmu342PWaR2W3nqBv0WLgnQbVoRg,16
74,"Dong, J Shen",Triplet loss in siamese network for object tracking,219,2018,http://openaccess.thecvf.com/content_ECCV_2018/html/Xingping_Dong_Triplet_Loss_with_ECCV_2018_paper.html,55
39,"Granstrom, M Baum, S Reuter","Extended object tracking: Introduction, overview and applications",216,2016,https://arxiv.org/abs/1604.00970,36
49,"Serby, EK Meier, L Van Gool",Probabilistic object tracking using multiple features,215,2004,https://ieeexplore.ieee.org/abstract/document/1334091/?casa_token=IHZLVPhQ9PYAAAAA:8gYTbjeIcZe03Xb22w_EGFsIuUcICcmv2rB0VbfFS8nM1h14MDGcfQh4RcGR4Prtwy0ZaUUq-h0,12
33,"Zhang, L van der Maaten",Structure preserving object tracking,211,0,https://www.cv-foundation.org/openaccess/content_cvpr_2013/html/Zhang_Structure_Preserving_Object_2013_CVPR_paper.html,0
204,"Yu, W Li, Q Li, Y Liu, X Shi, J Yan",Poi: Multiple object tracking with high performance detection and appearance feature,207,2016,https://link.springer.com/chapter/10.1007/978-3-319-48881-3_3,34
208," Franconeri, SV Jonathan…","Tracking multiple objects is limited only by object spacing, not by speed, time, or capacity",206,2010,https://journals.sagepub.com/doi/abs/10.1177/0956797610373935?casa_token=yOTiKeX-VxEAAAAA:4TfPqmon-_2ArcBtUKcvBMVTBvWop367V6qcKbMx9wiSiVpPA4po7FaIs0voN8s7fJCg-FSjkefJmcQ,17
301," Joshi, DG Thakore",A survey on moving object detection and tracking in video surveillance system,205,2012,https://citeseerx.ist.psu.edu/viewdoc/download?doi=10.1.1.645.7492&rep=rep1&type=pdf,20
152,"Ning, Z Zhang, C Huang, X Ren…",Spatially supervised recurrent convolutional neural networks for visual object tracking,203,2017,https://ieeexplore.ieee.org/abstract/document/8050867/?casa_token=zTOcMatR6fAAAAAA:wOZGGCxAtlHZX2p75qzmD5RPvkiuN_UYRbQnwsMQGpZi3hrqKntzLXcBF7BXiHgqp3lbD1ht2Bg,41
299,"Zhang, L Zhang, MH Yang",Real-time object tracking via online discriminative feature selection,202,2013,https://ieeexplore.ieee.org/abstract/document/6576884/?casa_token=dvIb32dc0FIAAAAA:Fz0AgZXDmzYOrwrRBl49jzD8pfjwCgnbf41cVDFR9-xWiXTkFZIY9Omclq22GZlEHtA0WCzZu6g,22
148," Trick, F Jasper",Multiple-object tracking in children: The “Catch the Spies” task,202,2005,https://www.sciencedirect.com/science/article/pii/S0885201405000249?casa_token=lmOzrtamajcAAAAA:sigjPTSDS2CaIiyCC80vAf333t4bCg45P_uSigu4C3imm8ORKhxWu8B-IY1Lp69zaQUtF-Y7jds,12
321," Morris, JM Rehg",Singularity analysis for articulated object tracking,202,1998,https://ieeexplore.ieee.org/abstract/document/698622/?casa_token=2r-U9MEmv7kAAAAA:IK8npiynGJqec-1xD-QGBc-xGqwwUw_E6ynS9PlZ7Z_EaeSX4R__0DIhUYIA5VdXZIY88wdXheQ,8
47,"Smith, D Gatic",Evaluating multi-object tracking,199,2005,https://ieeexplore.ieee.org/abstract/document/1565334/?casa_token=dM7Ot1UjackAAAAA:weOeZFydfgohcQp0rpyWjmHCaqPzGjVwhXEb2vcXUz8tMvJsR8e1aMwbook1TMkl1A-wb3nw0AI,12
201,"He, S Yi, YM Cheung, X You…",Robust object tracking via key patch sparse representation,197,2016,https://ieeexplore.ieee.org/abstract/document/7432008/?casa_token=w2S0nLwXWn4AAAAA:IO2EpRPB4-8Sg--igXylg7rYjbHekZklvCRdyP8at1iQBPt9Gub88l8ykT-tb5aqQJ_Lfl-1540,33
172,"Huang, X Zhao, K Huang",Got-10k: A large high-diversity benchmark for generic object tracking in the wild,194,2019,https://ieeexplore.ieee.org/abstract/document/8922619/?casa_token=hE5u8BRRDUoAAAAA:dClGjXjPsonG4C8Eq3_47_fkMoTHornVeCVCizDsit4VExP1lbgF31_t29HfgSOmi3ShNImo2cI,65
225,"Xu, J Winter, WC Lee",Dual prediction-based reporting for object tracking sensor networks,191,2004,https://ieeexplore.ieee.org/abstract/document/1331722/,11
145," Yoon, MH Yang, J Lim…",Bayesian multi-object tracking using motion context from multiple objects,191,2015,https://ieeexplore.ieee.org/abstract/document/7045866/?casa_token=niq1LwAn53MAAAAA:X-hKsNS9aCuHWIugBp_s51mpgWY7eQkKfQQrlFzPyLwoXAUmeo94XOcRGkGMcMkm2BP3q02UN2E,27
118,"Krainin, P Henry, X Ren…",Manipulator and object tracking for in-hand 3d object modeling,191,2011,https://journals.sagepub.com/doi/abs/10.1177/0278364911403178?casa_token=m-ZaLy99jfUAAAAA:rr7p6ro-UL_gZtjDpJBwkpDvPt2De7ouaE94UACt1die_9JLabegDGCPOnAHuMZ76Wvurs09GxiMYKE,17
191,"Nebehay, R Pflugfelder",Clustering of static-adaptive correspondences for deformable object tracking,191,0,https://www.cv-foundation.org/openaccess/content_cvpr_2015/html/Nebehay_Clustering_of_Static-Adaptive_2015_CVPR_paper.html,0
48,"Nebehay, R Pflugfelder",Consensus-based matching and tracking of keypoints for object tracking,188,2014,https://ieeexplore.ieee.org/abstract/document/6836013/,24
159,"Giebel, DM Gavrila, C Schnörr",A bayesian framework for multi-cue 3d object tracking,185,2004,https://link.springer.com/chapter/10.1007/978-3-540-24673-2_20,10
227, Kim,Real time object tracking based on dynamic feature grouping with background subtraction,183,2008,https://ieeexplore.ieee.org/abstract/document/4587551/?casa_token=-mPsM7ICRDwAAAAA:9OO3UUmZwklVFb09b6SW1RSN9jnycV8yrxXbnaA8flgxr03-59qukDG2YzJTMG1O9igvpv223C0,13
75,"Li, K Wang, W Wang, Y Li",A multiple object tracking method using Kalman filter,181,2010,https://ieeexplore.ieee.org/abstract/document/5512258/?casa_token=pcOFm7ZFKBYAAAAA:oyZh5PaEGJiqp7OmYGgKCkoWklYZNnvKtT0ulgEDn0y0ICEkewR9StXUWKJCbT0jwC2It7XY9CQ,15
15,"Yin, D Makris, SA Velastin",Performance evaluation of object tracking algorithms,180,2007,https://www.researchgate.net/profile/Fallah_Najjar/post/How-to-measure-the-accuracy-of-object-tracking-methods/attachment/5c58a6273843b0544e640eb1/AS%3A722687668273153%401549313575671/download/Performance_evaluation_of_object_tracking_algorith.pdf,12
116, Scholl,What have we learned about attention from multiple object tracking (and vice versa),179,2009,https://books.google.com/books?hl=en&lr=&id=zZ3HGOug3k8C&oi=fnd&pg=PA49&dq=object+tracking&ots=gZJFt83mhl&sig=ZW8qOv3iB3jSCdrceJwKWQ_Mc0Y,14
212,"Hess, A Fern",Discriminatively trained particle filters for complex multi-object tracking,177,2009,https://ieeexplore.ieee.org/abstract/document/5206801/?casa_token=4bkCaIF3CZUAAAAA:Hxantf_UHevou5pUBcd7otU6awD7SKtaXgXqe5axl0DntcfJN8NFn5fH_7NRnfSQiGnEBhqO-to,14
181,"Chu, W Ouyang, H Li, X Wang…",Online multi-object tracking using CNN-based single object tracker with spatial-temporal attention mechanism,176,2017,http://openaccess.thecvf.com/content_iccv_2017/html/Chu_Online_Multi-Object_Tracking_ICCV_2017_paper.html,35
319,"Medeiros, J Park, A Kak",Distributed object tracking using a cluster-based kalman filter in wireless camera networks,174,2008,https://ieeexplore.ieee.org/abstract/document/4629874/?casa_token=-5ly70ZORNsAAAAA:Mup6PJAg_pTReyX4pz_E3zOZuamvUbbQuJ8Geq-umD7VE0M_u8r8TDc9fP_7YHjdjdBoOMMJ9e0,12
160,"Xu, WC Lee",On localized prediction for power efficient object tracking in sensor networks,172,2003,https://ieeexplore.ieee.org/abstract/document/1203591/?casa_token=581iUwzP4DwAAAAA:IcU85I1FF9hmDpVYhZgd93RxHFCiVPL8yV2iFcT_TVyROnhdkqXqJbT4xiEqQIUl5UiB9zAW9Gs,9
285,"Nakadai, K Hidai, H Mizoguchi…",Real-time auditory and visual multiple-object tracking for humanoids,171,2001,https://www.researchgate.net/profile/Hiroshi_Okuno/publication/220815784_Real-Time_Auditory_and_Visual_Multiple-Object_Tracking_for_Humanoids/links/0912f50e3858d15ccd000000.pdf,8
134,"Viani, L Lizzi, P Rocca, M Benedetti…",Object tracking through RSSI measurements in wireless sensor networks,170,2008,https://ieeexplore.ieee.org/abstract/document/4515936/,12
247,"Mihaylova, AY Carmi, F Septier, A Gning…",Overview of Bayesian sequential Monte Carlo methods for group and extended object tracking,169,2014,https://www.sciencedirect.com/science/article/pii/S1051200413002716,21
36,"Muller, A Bibi, S Giancola…",Trackingnet: A large-scale dataset and benchmark for object tracking in the wild,169,2018,http://openaccess.thecvf.com/content_ECCV_2018/html/Matthias_Muller_TrackingNet_A_Large-Scale_ECCV_2018_paper.html,42
189," Fehd, AE Seiffert",Eye movements during multiple object tracking: Where do participants look?,168,2008,https://www.sciencedirect.com/science/article/pii/S0010027707002776?casa_token=XTZOx8ZfCu0AAAAA:BEbOfx8i1NLpjNxXIeUnsxVY05f9AFYNJtvxsga-FfUvkSlVYbJ6T87hZBumLJ8vQj8_1HnSw04,12
106,"Berclaz, F Fleuret, P Fua",Multiple object tracking using flow linear programming,167,2009,https://ieeexplore.ieee.org/abstract/document/5399488/?casa_token=uYgE2dPC2tIAAAAA:xZ0kzdidDuxET_E7szPOBHAhURTXAmLjFJJL9yT356vjIRxWqxkpcsNFNb2dLKgp7amy7DigkIk,13
110,"Wang, F Chen, W Xu, MH Yang",Online discriminative object tracking with local sparse representation,167,2012,https://ieeexplore.ieee.org/abstract/document/6162999/?casa_token=54UAzyPN8KUAAAAA:R6kRAMa0tM-hFHTVadfVjAnd6ssYmQsr49alWUz5pi0U20UJECvagHsp-r6L6s3lfLeQwz6SzHw,17
72,"Čehovin, A Leonardis…",Visual object tracking performance measures revisited,165,2016,https://ieeexplore.ieee.org/abstract/document/7389405/?casa_token=YwTJUE0KkDEAAAAA:kien4WES3xDerg9Q0LaemJXB9ZQmg-9UpB9SiGQVLv_QBV4mBWUUKLBHyBvnb5OY3bPtHVc4-5g,28
94,"Hariharakrishnan, D Schonfeld",Fast object tracking using adaptive block matching,164,2005,https://ieeexplore.ieee.org/abstract/document/1510632/?casa_token=W3w3eh9NqRgAAAAA:Q_miV4S93aSmfJKAwshb9Qa_Z7kRv50o4ROBJR-C0wPRKZ97TowRGYgf4z6lUpRoDJU1flQ5sIk,10
207," Vu, O Aycard, N Appenrodt",Online localization and mapping with moving object tracking in dynamic outdoor environments,164,2007,https://ieeexplore.ieee.org/abstract/document/4290113/?casa_token=bUDANoWvDgUAAAAA:AZtfuBYBCPeILman2DY8s3t4mlHU59-aBhzx7vhBsNNDfD6OX1vdxneI7T5Q7uAnOgGMOEVCbZY,11
237,"Du, Y Qi, H Yu, Y Yang, K Duan…",The unmanned aerial vehicle benchmark: Object detection and tracking,163,2018,http://openaccess.thecvf.com/content_ECCV_2018/html/Dawei_Du_The_Unmanned_Aerial_ECCV_2018_paper.html,41
63,"Son, M Baek, M Cho, B Han",Multi-object tracking with quadruplet convolutional neural networks,163,2017,http://openaccess.thecvf.com/content_cvpr_2017/html/Son_Multi-Object_Tracking_With_CVPR_2017_paper.html,33
288," Bae, KJ Yoon",Confidence-based data association and discriminative deep appearance learning for robust online multi-object tracking,163,2017,https://ieeexplore.ieee.org/abstract/document/7893777/?casa_token=JUguzp09akEAAAAA:Ms_xuqq9NYOCF0G0BZrenbZqEB4YCHdfciMec8KYyuQIkY6cNrI7reBoU4HwTqZPtFNlk74EIa4,33
105," Beal, N Jojic, H Attias",A graphical model for audiovisual object tracking,162,2003,https://ieeexplore.ieee.org/abstract/document/1206512/?casa_token=RjMc6mlP_bkAAAAA:9iJsec6WLJT1-sRWQTSA0OBOczE3P1X6v6hbrBcCQ3sMCWD43sSg4CQ9O6tip-am9IobZohfqpE,9
154,"Baum, UD Hanebeck",Random hypersurface models for extended object tracking,160,2009,https://ieeexplore.ieee.org/abstract/document/5407526/?casa_token=MCF9UCqH_QcAAAAA:wR42GZhXjGjrhnB_OcGS3TodhM5IIbZ_nL03Qwf0PluvCtAtj7vqp8b57N3f5iD-ndxEdry_ILU,12
103,"Zhu, H Yang, N Liu, M Kim…",Online multi-object tracking with dual matching attention networks,158,2018,http://openaccess.thecvf.com/content_ECCV_2018/html/Ji_Zhu_Online_Multi-Object_Tracking_ECCV_2018_paper.html,40
223," Yoon, CR Lee, MH Yang…",Online multi-object tracking via structural constraint event aggregation,158,2016,http://openaccess.thecvf.com/content_cvpr_2016/html/Yoon_Online_Multi-Object_Tracking_CVPR_2016_paper.html,26
209," Gabriel, JG Verly, JH Piater…",The state of the art in multiple object tracking under occlusion in video sequences,157,2003,https://www.researchgate.net/profile/Justus_Piater/publication/228877512_The_state_of_the_art_in_multiple_object_tracking_under_occlusion_in_video_sequences/links/02e7e51d3415db38d6000000/The-state-of-the-art-in-multiple-object-tracking-under-occlusion-in-video-sequences.pdf,8
156,"Nummiaro, E Kolle",Color-based object tracking in multi-camera environments,156,2003,https://link.springer.com/chapter/10.1007/978-3-540-45243-0_75,8
279," Henriques, R Caseiro…",Globally optimal solution to multi-object tracking with merged measurements,150,2011,https://ieeexplore.ieee.org/abstract/document/6126532/?casa_token=TeIJKQkdeikAAAAA:8WIqbBcar_rWtGlQX7rKjFj7aJgbdE3l4UG539yZ8MXyV-zHSBhGc4LOd69d2R0SBbXg-zIizks,14
307,"Hare, A Saffari, PHS Torr",Efficient online structured output learning for keypoint-based object tracking,150,2012,https://ieeexplore.ieee.org/abstract/document/6247889/?casa_token=hlcVMHHe1L8AAAAA:fy60clXhNRHQvPFqKugqsIDnlC0mnWHehcHwjMlYlD4hFQhvbPnIBZPMZ70ZKOrFOsfX9zvGvO0,15
240,"Takala, M Pietikainen","Multi-object tracking using color, texture and motion",150,2007,https://ieeexplore.ieee.org/abstract/document/4270504/?casa_token=Xbg-k2XKQtgAAAAA:kUJPRKYSFzvEboAOx3EyJKCiHosOliyO1sBs0q4JYYxpUEh0BSTiWmBuT68qX-bSybXX2oRSpDs,10
216,"Gammeter, A Gassmann, L Bossard…",Server-side object recognition and client-side object tracking for mobile augmented reality,149,2010,https://ieeexplore.ieee.org/abstract/document/5543248/?casa_token=-0neskhIR-EAAAAA:0qymKbBnQ_ESXii_og6Vx43w9xSYLgfRq52WFCiNRx9ylTD3g8RCMFeVpIyvm6JDv7xLeMd3cAg,12
68,"Tissainayagam, D Suter",Object tracking in image sequences using point features,148,2005,https://www.sciencedirect.com/science/article/pii/S0031320304002407?casa_token=4b5SSp7-5ogAAAAA:W9vsfuHv2FG3PRfvitXNf1aV8JCTzNVXeZeB-N6fWpuvfSL3bHM5ElC7h1pATq6079ndGY4mwIw,9
81,"Dong, J Shen, D Yu, W Wang, J Liu…",Occlusion-aware real-time object tracking,148,2016,https://ieeexplore.ieee.org/abstract/document/7752914/?casa_token=HCPvYhv8jKkAAAAA:2mkXzISKkE_I8WQQvMJVRw6wiweMTCmoE92NJBx9srzwNzIBApdnJJ2CPrBv_iRoygGEMn_91D4,25
139, Pylyshyn,Some puzzling findings in multiple object tracking (MOT): II. Inhibition of moving nontargets,146,2006,https://www.tandfonline.com/doi/abs/10.1080/13506280544000200?casa_token=05Iw80bwdHIAAAAA:066QUF61rqMYdfOov375li1xOJDa1nYPvBUT_TDBuy4vXbCftfL01lvsqq-h4tSLjI7fyeQap5_kk5s,9
113,"Kiani Galoogahi, A Fagg, C Huang…",Need for speed: A benchmark for higher frame rate object tracking,145,2017,http://openaccess.thecvf.com/content_iccv_2017/html/Galoogahi_Need_for_Speed_ICCV_2017_paper.html,29
124,"Wang, F Chen, W Xu, MH Yang",Object tracking via partial least squares analysis,145,2012,https://ieeexplore.ieee.org/abstract/document/6224182/?casa_token=SdJXmpLiF2cAAAAA:se0pUiKDYLfllvwpVpQQ1677tOMawxfNL6pxM_frBYjtvjvE26Wvw1HPmxrO9l-YRw4Z4R-_W6M,14
41,"Voigtlaender, M Krause, A Osep…",Mots: Multi-object tracking and segmentation,145,2019,http://openaccess.thecvf.com/content_CVPR_2019/html/Voigtlaender_MOTS_Multi-Object_Tracking_and_Segmentation_CVPR_2019_paper.html,48
194,"Wu, A Thangali, S Sclaroff…",Coupling detection and data association for multiple object tracking,142,2012,https://ieeexplore.ieee.org/abstract/document/6247896/?casa_token=goXJqW7y4GYAAAAA:wypt8f5DE6i8QcOc4rjoVd3uy_i5iQlfEWq3_CADn8baorORYVDgeqb7rOAQPuoL1P8VqIJNoWs,14
140,"Han, L Davis",On-line density-based appearance modeling for object tracking,141,2005,https://ieeexplore.ieee.org/abstract/document/1544894/?casa_token=2eZSt6_XyNUAAAAA:AIjT75U9ltGgC35NQ7jJbkwIAhYnIVanC4dx8_U8zd0S8Pa7NHhclxY3Hx4eoUOItCyjyoPXnjM,8
280,"Treptow, A Zell",Real-time object tracking for soccer-robots without color information,135,2004,https://www.sciencedirect.com/science/article/pii/S0921889004000752?casa_token=eVPbexEtCHoAAAAA:fwHNeWnT0FifdFNK2oPZ5AD6AhtRRtl7wstCd3634B2Pp2eSJK9b4rITZxED3QVoB3exW9264zI,8
157,"Bahl, G Ammer, T Schilling, A Borst",Object tracking in motion-blind flies,134,2013,https://www.nature.com/articles/nn.3386.pdf?origin=ppub,15
263," Keane, ZW Pylyshyn","Is motion extrapolation employed in multiple object tracking? Tracking as a low-level, non-predictive function",133,2006,https://www.sciencedirect.com/science/article/pii/S0010028505001027?casa_token=aRUZZM5SR8oAAAAA:1EqBbSWBrpEC6EUjOfYXN5o068gOXg2kuS6inJUSEyjmKP21kujC-l_z6bFyYaazNu0KSLk3lh4,8
153,"Pernici, A Del Bimbo",Object tracking by oversampling local features,132,2013,https://ieeexplore.ieee.org/abstract/document/6684527/?casa_token=3iVs2XeVRB0AAAAA:1ads15i6UQxiRDechM0fg0z2wjbRM3DcBHuv_zjmUeCfZMP-sxbUBWhLD-sQCogwRKHFaMOu7p4,15
131,"Jeyakar, RV Babu, KR Ramakrishnan",Robust object tracking with background-weighted local kernels,132,2008,https://www.sciencedirect.com/science/article/pii/S1077314208000726?casa_token=UmfJvdpo5SAAAAAA:07fbVlIYjxaUmUGvj7px106LR9kjVmN0TPZpcFVC96-6CXyQ63Dp0uPnntn0kYcTgZcVygzRgSY,9
195,"Baum, UD Hanebeck",Extended object tracking with random hypersurface models,131,2014,https://ieeexplore.ieee.org/abstract/document/6809906/?casa_token=4T4X3b-ax4wAAAAA:MPCaQcrSJAaYBw4XZhZ41gqX2sZkDnYOYQRayTCvEX03F7CmpGKJeTFLGYJh8hc7sFebiQu6w3w,16
278,"Liu, EL Austen, KS Booth, BD Fisher…","Multiple-object tracking is based on scene, not retinal, coordinates.",129,2005,https://psycnet.apa.org/record/2005-03515-001,8
125,"Ojha, S Sakhare",Image processing techniques for object tracking in video surveillance-A survey,128,2015,https://ieeexplore.ieee.org/abstract/document/7087180/?casa_token=143hANs-dCUAAAAA:L0USuHdDvtTQbrXee6LS49tbFWNZG6FaYbw7HlkW7QnvfpVLgZkPnJy-ZZVw6b3lDwQsU2dUzvM,18
214,"Zhou, JK Aggarwal",Object tracking in an outdoor environment using fusion of features and cameras,127,2006,https://www.sciencedirect.com/science/article/pii/S0262885605000843?casa_token=cr-kt0wW_G0AAAAA:zZ2Jni8Y5FuR_RSo1LNuUv52zKnZoFZ2udrzV6IFHckn75PmNSJ3XdkWZ4-dA-CtfS3pTKweQcI,8
226,"He, X Li, X You, D Tao…",Connected component model for multi-object tracking,127,2016,https://ieeexplore.ieee.org/abstract/document/7471478/?casa_token=MbSIrTF_8ZUAAAAA:yEWSPB0QIp1PEVdql75qR9-_NEOctQE-oHxOisgdykkDwXRv-R88P6eGtd2qIVZgHZgBoIrWip0,21
234,Bahrami,Object property encoding and change blindness in multiple object tracking,126,2003,https://www.tandfonline.com/doi/abs/10.1080/13506280344000158?casa_token=HYra5-ecQ0QAAAAA:xN3HZxvdjO-RZSLA7G8UH1jjWhqk5irsqat8mcListZWey8X3UybHWwOSPgldup6BOxI2zfeIvLi6wE,7
206,"Chari, S Lacost",On pairwise costs for network flow multi-object tracking,126,0,https://www.cv-foundation.org/openaccess/content_cvpr_2015/html/Chari_On_Pairwise_Costs_2015_CVPR_paper.html,0
178,"Kim, F Li, JM Rehg",Multi-object tracking with neural gating using bilinear lstm,126,2018,http://openaccess.thecvf.com/content_ECCV_2018/html/Chanho_Kim_Multi-object_Tracking_with_ECCV_2018_paper.html,32
326,"Kaempchen, K Weiss, M Schaefer…",IMM object tracking for high dynamic driving maneuvers,123,2004,https://ieeexplore.ieee.org/abstract/document/1336491/,7
253," Howe, TS Horowitz, IA Morocz, J Wolfe…",Using fMRI to distinguish components of the multiple object tracking task,122,2009,https://iovs.arvojournals.org/article.aspx?articleid=2193370,9
323,"Iordanescu, M Grabowecky, S Suzuki",Demand-based dynamic distribution of attention and monitoring of velocities during multiple-object tracking,122,2009,https://jov.arvojournals.org/article.aspx?articleid=2193361,9
256,"Zhou, H Tao",A background layer model for object tracking through occlusion,121,2003,https://ieeexplore.ieee.org/abstract/document/1238469/?casa_token=0Qben1d-Cs0AAAAA:h3lwgHT2V0it3XHV4SRiGOWfuLz0dTo4C3v67m1wVMTfoE6ksg9JddKpQrqoD0KGQZZFTQolMcE,6
136,"Zhang, X Yu, Y Sui, S Zhao…",Object tracking with multi-view support vector machines,120,2015,https://ieeexplore.ieee.org/abstract/document/7004814/?casa_token=xAZQ0KE3qMoAAAAA:orAdG50FwWich7qsxmZr_L1HHtemwP-rpEI1JrDERSGp_H6G_sYInSawZ9gP6RghpR0MwxvFZyw,17
146,"Park, V Lepetit, W Woo",Multiple 3d object tracking for augmented reality,120,2008,https://ieeexplore.ieee.org/abstract/document/4637336/?casa_token=q0qeLSNc9NIAAAAA:1euVhdajjuk25S5CQoszorPaWpKgT2iTqACG3FblwXYk5PewfEZ_1wskvgsalvoxEhw83Vpd_9A,9
173,"Tombu, AE Seiffert",Attentional costs in multiple-object tracking,118,2008,https://www.sciencedirect.com/science/article/pii/S0010027708000097?casa_token=rLTo_jYN2kwAAAAA:W9zUpH1tGTYmMbSFm62FAVgH26OlPbN-MYNvTcPLJI1u5oHJmKhFeS20JiXCRdzsdkxjxEkweyU,8
44,"Borji, S Frintrop, DN Sihite, L Itti",Adaptive object tracking by learning background context,115,2012,https://ieeexplore.ieee.org/abstract/document/6239191/?casa_token=J4g8rRj1iuUAAAAA:1i6tldR3lrtiAEs_mAJoMXDSmkMCfNEvoYB-6BY7FCoHf6TqSNw9jK5J_EKYbYbMuYrTkYtse8o,12
260,"Bernardin, A Elbs, R Stiefelhagen",Multiple object tracking performance metrics and evaluation in a smart room environment,115,2006,http://citeseerx.ist.psu.edu/viewdoc/download?doi=10.1.1.69.7070&rep=rep1&type=pdf,7
119,"Schulter, P Vernaza, W Choi…",Deep network flow for multi-object tracking,115,2017,http://openaccess.thecvf.com/content_cvpr_2017/html/Schulter_Deep_Network_Flow_CVPR_2017_paper.html,23
57,"Wang, F Chen, J Yang, W Xu…",Transferring visual prior for online object tracking,113,2012,https://ieeexplore.ieee.org/abstract/document/6178278/?casa_token=eq6ZzgMdvzkAAAAA:e5KRqCXoNYm4I_5aOZjuWW4f19iadtUwAME2efy7pi-Venul4tim3C7vvzTM7NqpNxq_2XJe0KY,11
327," Balan, MJ Black",An adaptive appearance model approach for model-based articulated object tracking,113,2006,https://ieeexplore.ieee.org/abstract/document/1640830/?casa_token=fN8IyL_ixzEAAAAA:En2Oo_cz-u6vM-pOWvHYK5rBsMsZ1pk04akd1G6zK1j1RC1O2PLHrKc-WTPPluAaPd2Rwn6wMgM,7
218,"Possegger, T Mauthner, PM Roth…",Occlusion geodesics for online multi-object tracking,112,0,https://www.cv-foundation.org/openaccess/content_cvpr_2014/html/Possegger_Occlusion_Geodesics_for_2014_CVPR_paper.html,0
51," Patel, DG Thakore",Moving object tracking using kalman filter,110,2013,https://www.academia.edu/download/31207660/V2I4201376.pdf,12
294,"Felsberg, A Berg, G Hager, J Ahlberg…",The thermal infrared visual object tracking VOT-TIR2015 challenge results,106,0,https://www.cv-foundation.org/openaccess/content_iccv_2015_workshops/w14/html/Felsberg_The_Thermal_Infrared_ICCV_2015_paper.html,0
318,"Zhang, W Hu, W Qu…",Multiple object tracking via species-based particle swarm optimization,106,2010,https://ieeexplore.ieee.org/abstract/document/5604302/?casa_token=yjDeFDrQaEAAAAAA:b-MXm8h7UukSLfywfuFIO3h-1nYqFMH7jArOjQOy-tZCF2tk_fdIshbG6E8THI5hrvsKcPRpA90,9
117,"Zhao, H Tao",Object tracking using color correlogram,105,2005,https://ieeexplore.ieee.org/abstract/document/1570924/?casa_token=-Y4snwF-5j0AAAAA:7pfuJl4hj69HDoUYF-pX70tDy5YJAjJGNId-SKPfUz557-Z9A1jSE9WyEotfNeByVj98BNbvOqY,6
182,"Gyaourova, C Kamath, S Cheung",Block matching for object tracking,104,2003,https://pdfs.semanticscholar.org/db4e/9113f9b3551200f35bc175f27d27033efc37.pdf,5
165,"Angelova, L Mihaylova",Extended object tracking using Monte Carlo methods,104,2008,https://ieeexplore.ieee.org/abstract/document/4400828/?casa_token=RItyHOlDFDIAAAAA:SYKQYo0IeQIh7GtqTk42koQQd8LIq61gD-j-FJjUsapwFu4b5GfX078seBB-IBjGeZeGlQyrZB4,7
261,"Lee, E Erdenee, S Jin, MY Nam, YG Jung…",Multi-class multi-object tracking using changing point detection,104,2016,https://link.springer.com/chapter/10.1007/978-3-319-48881-3_6,17
58,"Wang, JF Doherty…",Moving object tracking in video,103,2000,https://ieeexplore.ieee.org/abstract/document/953609/?casa_token=uALA8sqeB1UAAAAA:capyhMBqOJUUX3hKOjtj0Lu8QnucSRLt96jerthM9dIw3Yxm_mcwe223_8GXyLODNLIPPxeHycY,5
162,"Liu, X Lu, Z He, C Zhang, WS Chen",Deep convolutional neural networks for thermal infrared object tracking,103,2017,https://www.sciencedirect.com/science/article/pii/S0950705117303544?casa_token=hLaOQiYlWPYAAAAA:oYtiaOOFfug-4YBZreaE_AGDkx4KtodDOu4lXlyS2M_WIxeIebgJKU_SDVy0R1fxDyB6mxHv1vw,21
64,"Yang, AB Chan",Learning dynamic memory networks for object tracking,102,2018,http://openaccess.thecvf.com/content_ECCV_2018/html/Tianyu_Yang_Learning_Dynamic_Memory_ECCV_2018_paper.html,26
304,"Henschel, L Lea",Fusion of head and full-body detectors for multi-object tracking,102,2018,http://openaccess.thecvf.com/content_cvpr_2018_workshops/w29/html/Henschel_Fusion_of_Head_CVPR_2018_paper.html,26
183,"Zhu, Y Lao, YF Zheng",Object tracking in structured environments for video surveillance applications,101,2009,https://ieeexplore.ieee.org/abstract/document/5229254/?casa_token=URETwOBkcooAAAAA:4jWObibtWZJkkWsKEld4e55mG3dodYpogFO6BxHVOXrjYHqwALchSkcDOn5mH7vkTQZ11Wi50dQ,8
187,"Pan, B Hu",Robust occlusion handling in object tracking,101,2007,https://ieeexplore.ieee.org/abstract/document/4270451/?casa_token=eroXr62uwbwAAAAA:xlgZpyYn2g6BoXEeR2JBw1oEEOYm-ZAoY3memSjH7jx5gysJM7g7JSJNHfkSJFr5RR1kiKoulJU,7
149," Chen, MC Chen, CW Chen, YC Chang",Architecture design and performance evaluation of RFID object tracking systems,101,2007,https://www.sciencedirect.com/science/article/pii/S0140366407001387?casa_token=jKn27bRaBSkAAAAA:aMuKK5sD87Y4KhH7_cwmyguZCQO0D-UpeS4iPiVwces3IihpktoshyWCIvIwpoKhl8mFoLp5XVY,7
222,"Khoreva, R Benenson, E Ilg, T Brox…",Lucid data dreaming for object tracking,100,2017,https://pure.mpg.de/rest/items/item_2493068/component/file_2493067/content,20
236,"Dong, J Shen, D Wu, K Guo, X Jin…",Quadruplet network with one-shot learning for fast visual object tracking,100,2019,https://ieeexplore.ieee.org/abstract/document/8638788/?casa_token=TCXb8UPZexoAAAAA:YcREuld7c3MTwoQp1y9ZyDRzJqszxbBRuYE2UNK4D7vgL1a1Emsa4XpZ2yY86uYc7BhX5RWxNWM,33
150,"Fang, Y Xiang, X Li…",Recurrent autoregressive networks for online multi-object tracking,100,2018,https://ieeexplore.ieee.org/abstract/document/8354161/?casa_token=geb3GTWgHIoAAAAA:jW95JJfK5b6ntj8-sNTG7zQsxC76xZwBKY0f_aT4CAibhyXCndT-_u1xEUCnSj56kuVlP-uSfRs,25
311,"Hu, W Li, X Zhang, S Maybank",Single and multiple object tracking using a multi-feature joint sparse representation,100,2014,https://ieeexplore.ieee.org/abstract/document/6891248/?casa_token=Mkq0OnkvtKwAAAAA:zFg8DvgX7EPFkhnfY3cbIUetfQlbD7P5Wraa2lG-0A8tNJ1xG84Kca1BfWDrP_0SB2tl0QfSVHM,12
248,"Han, J Jiao, B Zhang, Q Ye, J Liu",Visual object tracking via sample-based Adaptive Sparse Representation (AdaSR),99,2011,https://www.sciencedirect.com/science/article/pii/S0031320311000872?casa_token=XjZ8XXGedpUAAAAA:GBRMsiJbDhsxYTVxRy_imrbnmc-VPAC-yXCfWdfIpJ1EPMdP5V9gMBMCU9XS0jggNSlSol3QpQA,9
293,"Keuper, S Tang, B Andres, T Brox…",Motion segmentation & multiple object tracking by correlation co-clustering,98,2018,https://ieeexplore.ieee.org/abstract/document/8493320/?casa_token=afz6UZGfw2YAAAAA:xd1DsbqV1NeDWsPqTTJdGk-bl-UsyKOGsYruLI1Qfh2puPGAo5WtOjXwD9-pKotOsmqMg_D3XAw,24
143,"Ciaparrone, FL Sánchez, S Tabik, L Troiano…",Deep learning in video multi-object tracking: A survey,97,2020,https://www.sciencedirect.com/science/article/pii/S0925231219315966?casa_token=z9f2XbWnd4gAAAAA:SbmgTozslSukF35My0VFYJb2JPg6TuLxDelg8xCsLw-eIfpaeeH6s0V3eh9qQ8wvCfxmYPLgbVI,48
142,"Han, A Sethi, W Hua, Y Gong",A detection-based multiple object tracking method,96,2004,https://ieeexplore.ieee.org/abstract/document/1421760/?casa_token=aBALEDVzNHwAAAAA:4Az8HufVMiEefG6GgO5uly8knFl82_56NFA56nwFz7vj1mBySzhO0dwhET0NEEPFTmus_KkNOH8,5
211,"Samarah, M A",A predictive energy-efficient technique to support object-tracking sensor networks,95,2010,https://ieeexplore.ieee.org/abstract/document/5676238/?casa_token=xZfBGdouuAkAAAAA:YjblbQ9c5BFTnGrdg5aQopHUK5OK4fMZDkUqesFvCqYmakbeQ6TiNMN2afSAFFlbkOY2CVJFViE,8
283,"Kondor, A Howard, T Jebara",Multi-object tracking with representations of the symmetric group,94,2007,http://proceedings.mlr.press/v2/kondor07a.html,6
233," Zelinsky, MB Neider",An eye movement analysis of multiple object tracking in a realistic environment,94,2008,https://www.tandfonline.com/doi/abs/10.1080/13506280802000752?casa_token=P24L_OBohU0AAAAA:rr8FuIqliOZWGdISLdDCozV3wLsJpYrkOWqDTXAbUH6Bh8pa2k1TU_jujPpQDwJAQIeaN0k6BZXFVaQ,7
292,"Ma, JB Huang, X Yang, MH Yang",Adaptive correlation filters with long-term and short-term memory for object tracking,94,2018,https://idp.springer.com/authorize/casa?redirect_uri=https://link.springer.com/article/10.1007/s11263-018-1076-4&casa_token=NvzTHC8t-HgAAAAA:IT3BIMaRDjMbAQAsJaxjLXCFotYzm5RCHqPMjQi9zs4gAZq-YKjtEvByOsgP_DPT6xlgO_daAQROZ0pzKxg,24
25,"Kristan, J Matas, A Leonardis…",The seventh visual object tracking vot2019 challenge results,94,2019,http://openaccess.thecvf.com/content_ICCVW_2019/html/VOT/Kristan_The_Seventh_Visual_Object_Tracking_VOT2019_Challenge_Results_ICCVW_2019_paper.html,31
115,Lea,Tracking the trackers: an analysis of the state of the art in multiple object tracking,93,2017,https://arxiv.org/abs/1704.02781,19
169," Cho, SH Jin, X Dai Pham, JW Jeon…",A real-time object tracking system using a particle filter,93,2006,https://ieeexplore.ieee.org/abstract/document/4058820/?casa_token=gkUkWL4PznoAAAAA:afCsXaCgtqPnxMoUwnO3_QHcRddomrVNwT24kdcuM5YIEl9kP1rBN6pC-pPtfvXHtmJZdH0QHlY,6
29,"Hua, K Alahari, C Schmid",Online object tracking with proposal selection,93,2015,http://openaccess.thecvf.com/content_iccv_2015/html/Hua_Online_Object_Tracking_ICCV_2015_paper.html,13
238,"Zhang, J Ding",Object tracking and detecting based on adaptive background subtraction,93,2012,https://www.sciencedirect.com/science/article/pii/S187770581200149X,9
180," Nouar, G Ali, C Raphaël",Improved object tracking with camshift algorithm,92,2006,https://ieeexplore.ieee.org/abstract/document/1660428/?casa_token=neY3yM3tS9AAAAAA:JVx6iIpC7nQrLoTnQj_zANMvjnDR_tNGqFsy2b3xDemzZjBqGSnQVqlXXkUejTHH2xO8IH91eo0,6
274,"Drew, AW McCollough, TS Horowitz…",Attentional enhancement during multiple-object tracking,92,2009,https://link.springer.com/article/10.3758/PBR.16.2.411,7
266,"Li, DY Yeung",Visual object tracking for unmanned aerial vehicles: A benchmark and new motion models,90,2017,https://ojs.aaai.org/index.php/AAAI/article/view/11205,18
322,"Pezzementi, S Voros…",Articulated object tracking by rendering consistent appearance parts,88,2009,https://ieeexplore.ieee.org/abstract/document/5152374/?casa_token=4-SfGmPIrAsAAAAA:2ase4gAwuhVbmJCkncjubSvpASdPcIrNHL7v6qF0OO3sqM-HPO9J1KMStQVJYDQyAg85EPqyOoQ,7
303,"Chen, X Yang, B Zhong, S Pan, D Chen…",CNNTracker: Online discriminative object tracking via deep convolutional neural network,88,2016,https://www.sciencedirect.com/science/article/pii/S1568494615004159?casa_token=u0jkmSnMDi8AAAAA:W4Vf4VRzo-_imbuUPMVJf8fQ5U_K62aKlZvAPmyiP41-VEl32YO2HCubhqqDCYkvSyKAuJBE9fA,15
245,"Yin, F Porikli, RT Collins",Likelihood map fusion for visual object tracking,88,2008,https://ieeexplore.ieee.org/abstract/document/4544036/?casa_token=yKvPebbIr4oAAAAA:vx0-8DUo67n5Eys6KDBCQ0F1QVTqVK8S8cXFFUQ2rNTASmirDp6TlnOWqWrXB3hQW9Asi41ydtQ,6
66,"Wang, F Chen, W Xu, MH Yang",An experimental comparison of online object-tracking algorithms,87,2011,https://www.spiedigitallibrary.org/conference-proceedings-of-spie/8138/81381A/An-experimental-comparison-of-online-object-tracking-algorithms/10.1117/12.895965.short,8
305," Lin, CC Wang","Stereo-based simultaneous localization, mapping and moving object tracking",87,2010,https://ieeexplore.ieee.org/abstract/document/5649653/?casa_token=z01J61EHxgUAAAAA:6-_NnN62DvOr_bVajLO7kjugVazhHVFwaUf9BCNAgN_442x6PbLU7CMqZf1-1v6k55pJ10GWkWk,7
135,"Zhang, X Jin, J Sun, J Wang, AK Sangaiah",Spatial and semantic convolutional features for robust visual object tracking,87,2020,https://idp.springer.com/authorize/casa?redirect_uri=https://link.springer.com/article/10.1007/s11042-018-6562-8&casa_token=XPuaix2hy3QAAAAA:emRLdagqxI8h2xhlv75XxygdpK1hYF92Gmo5YrRPXLvGfdzgG3u1lnR6e6uzo1GjDSMYLKjgIHJSyF3Vkjo,44
158," Hasan, M Rahman, AL Haque…",Cost effective GPS-GPRS based object tracking system,86,2009,https://www.researchgate.net/profile/Khondker_Hasan/publication/44259584_Cost_Effective_GPS-GPRS_Based_Object_Tracking_System/links/0c96053a9e59c57cd7000000.pdf,7
205,"Huang, J Hong",Moving object tracking system based on camshift and Kalman filter,86,2011,https://ieeexplore.ieee.org/abstract/document/5769081/?casa_token=SoFg0bLgDOsAAAAA:OwzMN7Qcfm7h-uVOrzjhM95kip_T-lK40d1hbvDUT9FTmZ4p3WiQbV8amnvOmqsfUPmtT-V7u6I,8
315,"Tang, H Tao",Object tracking with dynamic feature graph,85,2005,https://ieeexplore.ieee.org/abstract/document/1570894/?casa_token=5UKPBmwQVIQAAAAA:yaTEzdyxTmSuyQsVIVXOLv7xUyp5MlzVAJrRW3-yvwEhIOg3Xe_78uCoqVDGUmZB5JXHqplgcC4,5
85,"Chen, J Wang, R Xia, Q Zhang, Z Cao…",The visual object tracking algorithm research based on adaptive combination kernel,85,2019,https://idp.springer.com/authorize/casa?redirect_uri=https://link.springer.com/article/10.1007/s12652-018-01171-4&casa_token=RcqQFfpaUQUAAAAA:8kbAqUqedz5fEetSY8Y_xO2KbdSBngxISqyrjhVnIGmukfxgVCNsJjpoVXhX_I4TEor8DFA-CiM42zdmi5Y,28
203,"Zhang, H Maei, X Wang, YF Wang",Deep reinforcement learning for visual object tracking in videos,84,2017,https://arxiv.org/abs/1701.08936,17
55,"Berg, J Ahlberg, M Felsberg",A thermal object tracking benchmark,83,2015,https://ieeexplore.ieee.org/abstract/document/7301772/?casa_token=oYPCETJwq-MAAAAA:xzr3d6UxZ6FlHMd5QlLBcQx3lnW4Z1yt5nI8nDUAsjmjot0aH-4OD-ZlTEjlo3g9yD4fAIU40dE,12
164,"Li, X Liang, Y Lu, N Zhao, J Tang",RGB-T object tracking: Benchmark and baseline,82,2019,https://www.sciencedirect.com/science/article/pii/S0031320319302808?casa_token=FjRZb8EB2mYAAAAA:vHlltVAugIB6uR-u1BbzAt-ywmWV_6HzTcQMeZ-AAk4Xr8lcp_ghsxqkP43Gfvm5XqUVpbt3OC4,27
277,"Chen, C Tay, C Laugier…",Dynamic environment modeling with gridmap: a multiple-object tracking application,81,2006,https://ieeexplore.ieee.org/abstract/document/4150365/?casa_token=h3Qa_PObuFYAAAAA:dO4ZyjhaSsWo1qgEAe_EslmcIuKxIwCgX-KJfI6AtUTCjtVWDG18a7Z12pyIgeqbK2_yHvk6cxg,5
220,"Sharma, JA Ansari, JK Murthy…",Beyond pixels: Leveraging geometry and shape cues for online multi-object tracking,81,2018,https://ieeexplore.ieee.org/abstract/document/8461018/?casa_token=NAx9NKUJTkcAAAAA:XW0N8BZIgdH0HQqMlHQggbwZP2ciO8cqmRS1AX16rsb8Jy1eO0iKu6Z7-eQyG-FWhJGQ-jO2rBg,20
132," Fehd, AE Seiffert",Looking at the center of the targets helps multiple object tracking,80,2010,https://jov.arvojournals.org/article.aspx?articleid=2121124,7
257,"Tsagkatakis, A Savakis",Online distance metric learning for object tracking,80,2011,https://ieeexplore.ieee.org/abstract/document/5740320/?casa_token=qR9JFVXjmJ8AAAAA:PFv9ueWxZplzXKnq67_vtFwf0cIUiXaPPSfZP7okwIxoVhawCyPOIy03X5Y0TTzuPw5pKBw_9yE,7
328," Trick, T Perl, N Sethi",Age-related differences in multiple-object tracking,79,2005,https://academic.oup.com/psychsocgerontology/article-abstract/60/2/P102/546696,5
255," Salmond, NJ Gordon",Group and extended object tracking,79,1999,https://digital-library.theiet.org/content/conferences/10.1049/ic_19990517,3
87," Sun, N Akhtar, HS Song, A Mian…",Deep affinity network for multiple object tracking,79,2019,https://ieeexplore.ieee.org/abstract/document/8766896/?casa_token=jga_RusQGXMAAAAA:hpLJjG9pf5NT8JXBq86bC-1ohHg49Ue479SUH41LejZQnUbasEKtkbaEG6h1Y5smmllnJt9DmZE,26
281,"Belagiannis, F Schubert, N Navab, S Ilic",Segmentation based particle filtering for real-time 2d object tracking,78,2012,https://link.springer.com/chapter/10.1007/978-3-642-33765-9_60,8
161,"Chu, H Ling","Famnet: Joint learning of feature, affinity and multi-dimensional assignment for online multiple object tracking",78,2019,http://openaccess.thecvf.com/content_ICCV_2019/html/Chu_FAMNet_Joint_Learning_of_Feature_Affinity_and_Multi-Dimensional_Assignment_for_ICCV_2019_paper.html,26
65,"Xiao, H Lu, D Wang",L2-RLS-based object tracking,77,2013,https://ieeexplore.ieee.org/abstract/document/6668919/?casa_token=n-lLeigzw-oAAAAA:EZCotLsScWh6yqlstTrZ7KBBTZpb9ABy-dDquvEDMAT0uNzln7RbSfyAoao_DuxkVm6Fa6xFfJc,9
286," Mazinan, A Ami","Applying mean shift, motion information and Kalman filtering approaches to object tracking",77,2012,https://www.sciencedirect.com/science/article/pii/S0019057812000250?casa_token=bXHW1hDqK20AAAAA:D3mmpRNY2pJzLGVQtr6ctOiuX6qfXf4Zc_lUnDuar97ZXZJWXEIBpc5XKcoBBipM23MTBX10gD4,8
268,"Guler, JA Silverstein…",Stationary objects in multiple object tracking,76,2007,https://ieeexplore.ieee.org/abstract/document/4425318/?casa_token=EEVe29lDupYAAAAA:i3yDHKbuJr6-wKTZLjTacC0-mFOcegSarwrHJCMPSWDAaIROsBhIV1S2mv7on-xc0svk8XWXBf0,5
50,"Deori, DM Thounaojam",A survey on moving object tracking in video,72,2014,https://www.academia.edu/download/35990767/3314ijit04.pdf,9
176,Nebehay,Robust object tracking based on tracking-learning-detection,72,2012,https://www.gnebehay.com/publications/master_thesis/master_thesis.pdf,7
198,"Yang, J Cao, W Zhu, S Tang",Accurate and efficient object tracking based on passive RFID,71,2015,https://ieeexplore.ieee.org/abstract/document/7008512/?casa_token=o9r3WUThuQUAAAAA:sjWNDGxqeas8_SACPJcSL4gRN9Qsv8RvySOI4SMsq-fm94YyntAXyIluYu22VpBRufeznWQI5wQ,10
192,"Koubâa, B Qureshi",Dronetrack: Cloud-based real-time object tracking using unmanned aerial vehicles over the internet,70,2018,https://ieeexplore.ieee.org/abstract/document/8306379/,18
123,"Liu, G Liu, H Zhou",A robust parallel object tracking method for illumination variations,70,2019,https://idp.springer.com/authorize/casa?redirect_uri=https://link.springer.com/article/10.1007/s11036-018-1134-8&casa_token=sho0_8a066wAAAAA:H3d_wnZha2-8kZD3AJFuRyvBQCT_ERm3jeEfOM3vC0M4M3CL6Nch3vQFw8iSkXBUsKT2M4oCwW4vdFE8yIw,23
79," Jalal, V Singh",The state-of-the-art in visual object tracking,69,2012,http://www.informatica.si/ojs-2.4.3/index.php/informatica/article/viewFile/405/408,7
73,"Li, B Chen, W Ouyang, D Wang…",Gradnet: Gradient-guided network for visual object tracking,68,2019,http://openaccess.thecvf.com/content_ICCV_2019/html/Li_GradNet_Gradient-Guided_Network_for_Visual_Object_Tracking_ICCV_2019_paper.html,23
316,"Scheidegger, J Benjaminsson…",Mono-camera 3d multi-object tracking using deep learning detections and pmbm filtering,67,2018,https://ieeexplore.ieee.org/abstract/document/8500454/?casa_token=RcINbz9T1CYAAAAA:or5Mz2oqQ_JemYND4dK5wEj6pbt7TptS0Iy8IutQgB3Qzfzi7yADsgBtr_z6aiUJKs8PapXSqKw,17
284,"Loza, L Mihaylova, N Canagarajah…",Structural similarity-based object tracking in video sequences,66,2006,https://ieeexplore.ieee.org/abstract/document/4085860/?casa_token=HpMtnu_GKHkAAAAA:6YaHAekJscU1kiVtEBFk-EAgReAUvMyjdN7VO_0IwuxCaxtLYSUF-UTzXeUlX9yU0JcbMMuQDx0,4
147,"Wang, Y Wang, H Zhang, R Gu…",Exploit the connectivity: Multi-object tracking with trackletnet,66,2019,https://dl.acm.org/doi/abs/10.1145/3343031.3350853,22
151,"Chen, H Ai, C Shang, Z Zhuang…",Online multi-object tracking with convolutional neural networks,65,2017,https://ieeexplore.ieee.org/abstract/document/8296360/?casa_token=d7w0sxTFaGEAAAAA:K08iP1Qn3z9XC6VioSyEIylITtq2Suo_n5y9dpPBnnieT21AYnVgBa83vVCwJusKIR_kywC2lxo,13
269,"Prokaj, M Duchaineau…",Inferring tracklets for multi-object tracking,65,2011,https://ieeexplore.ieee.org/abstract/document/5981753/?casa_token=6Tz3IRItLygAAAAA:IJI8NfpepWiSq-2YSPP46OqG7ZeTjc7zsto50gUlEdGA10H2w_OuMDUVil1H25VUnfWYkXvHD3A,6
219,"Wang, C Luo, Z Xiong…",Spm-tracker: Series-parallel matching for real-time visual object tracking,64,2019,http://openaccess.thecvf.com/content_CVPR_2019/html/Wang_SPM-Tracker_Series-Parallel_Matching_for_Real-Time_Visual_Object_Tracking_CVPR_2019_paper.html,21
170,"Feng, Z Hu, W Wu, J Yan, W Ouyang",Multi-object tracking with multiple cues and switcher-aware classification,64,2019,https://arxiv.org/abs/1901.06129,21
61,"Wang, L Zheng, Y Liu, S Wang",Towards real-time multi-object tracking,63,2019,https://link.springer.com/content/pdf/10.1007/978-3-030-58621-8_7.pdf,21
167,"Zhou, L Xie, P Zhang, Y Zhang",An ensemble of deep neural networks for object tracking,62,2014,https://ieeexplore.ieee.org/abstract/document/7025169/?casa_token=l4U4S5EPi0YAAAAA:_Po0Th1d5V4bBU5VxD_SJ_4QDUj1rcDpRLK3JLd2o9EYR7WjNA_Vjz__3CSHK0dLcfmDpgmyPaw,8
88,"Bochinski, T Senst, T Sikora",Extending IOU based multi-object tracking by visual information,59,2018,https://ieeexplore.ieee.org/abstract/document/8639144/?casa_token=7wTk3qVlsZQAAAAA:dssANMk0RzJqD7WnDtvOD8zDDCY1NXqOj3jvtlCvFIBOlDNCSCjcDq4-ZAkrkdEIGB5c9gfdTcM,15
185,"Meng, JP Kerekes",Object tracking using high resolution satellite imagery,58,2012,https://ieeexplore.ieee.org/abstract/document/6125999/?casa_token=6z--M_Obh5cAAAAA:8B7ZNIO-g9a1UsUvJv_VsirQcu2CaZ_gZU6IeTtfIl1jz7hPQqZR6KcrpzQqqpxe0rluDs_SmWE,6
317," Gao, XH He, DS Luo, J Jiang, QZ Teng",Object tracking using firefly algorithm,57,2013,https://digital-library.theiet.org/content/journals/10.1049/iet-cvi.2012.0207,6
325,"Hirscher, A Scheel, S Reuter…",Multiple extended object tracking using Gaussian processes,57,2016,https://ieeexplore.ieee.org/abstract/document/7527978/,10
282,"Liu, L Lin, S Yan, H Jin…",Adaptive object tracking by learning hybrid template online,54,2011,https://ieeexplore.ieee.org/abstract/document/5733399/?casa_token=Zims5vlXBhEAAAAA:6XVS0Uf8UA1GHF8kRjiJ4uozTZ1Kujnyci79bKd8qdfV5a7kDRdEfsPtRzo7wTg0aJMHVvhY9nw,5
291,"Lan, M Ye, S Zhang, H Zhou, PC Yuen",Modality-correlation-aware sparse representation for RGB-infrared object tracking,54,2020,https://www.sciencedirect.com/science/article/pii/S0167865518307633?casa_token=7_-kVcWY91kAAAAA:upSCMRhC5fJETKlON0domvq0bAEqqqyxQaDbzd_1lcJhZRiis6A-OYOVnaK-eZO4DHe0mwQN6kQ,27
259," Maresca, A Petrosino",Clustering local motion estimates for robust and efficient object tracking,54,2014,https://link.springer.com/chapter/10.1007/978-3-319-16181-5_17,7
244,"Xu, Y Cao, Z Zhang, H Hu",Spatial-temporal relation networks for multi-object tracking,53,2019,http://openaccess.thecvf.com/content_ICCV_2019/html/Xu_Spatial-Temporal_Relation_Networks_for_Multi-Object_Tracking_ICCV_2019_paper.html,18
258,"Miao, G Wang, C Shi, X Lin, Z Ruan",A new framework for on-line object tracking based on SURF,53,2011,https://www.sciencedirect.com/science/article/pii/S0167865511001619?casa_token=dMQ37vjU-YsAAAAA:bqLZDUU_UGaz5uvmfCjYDw160EeVjydTbZi-k6SaSe7I5onysFvglzvPyitqiHB4YPW2sjHH2JU,5
289,"Sheng, Y Zhang, J Chen, Z Xiong…",Heterogeneous association graph fusion for target association in multiple object tracking,52,2018,https://ieeexplore.ieee.org/abstract/document/8540450/,13
197," Meyerhoff, F Papenmeier, M Huff",Studying visual attention using the multiple object tracking paradigm: A tutorial review,51,2017,https://link.springer.com/article/10.3758/s13414-017-1338-1,10
83,"Weng, K Kitani",A baseline for 3d multi-object tracking,50,2019,https://arxiv.org/abs/1907.03961,17
262,"Nussberger, H Grabner…",Aerial object tracking from an airborne platform,50,2014,https://ieeexplore.ieee.org/abstract/document/6842386/?casa_token=fvb489-atVgAAAAA:bIkgGqIqk6WFdGeOAC-fHusA4xlGqveX1sBjpMuKR2Dw2oBd4vd2NRqsoD0NOJTfXYv6thFeItU,6
70," Walia, R Kapoor",Recent advances on multicue object tracking: a survey,49,2016,https://idp.springer.com/authorize/casa?redirect_uri=https://link.springer.com/content/pdf/10.1007/s10462-015-9454-6.pdf&casa_token=mADD1Ph4gCkAAAAA:Iw7OlJ29yS99nKD7gRxxJOKCcqyCdMTYgt-2rgNcYQMXdXBnSvlyt4rWVcMTZJCVBY3zRKeztS5wxNDG3Iw,8
96," Balaji, S Karthikeyan",A survey on moving object tracking using image processing,47,2017,https://ieeexplore.ieee.org/abstract/document/7856037/?casa_token=VdmAU30LaFcAAAAA:5JaQzmmPrVOPRYsp3JsrJwcuZYZ86O16b1sYnFlwOvKKZj-aGAspYS-kneUS5rlERvzwOATvKD0,9
128,"Ali, A Jalil, J Niu, X Zhao, S Rathore, J Ahmed…",Visual object tracking—classical and contemporary approaches,47,2016,https://idp.springer.com/authorize/casa?redirect_uri=https://link.springer.com/content/pdf/10.1007/s11704-015-4246-3.pdf&casa_token=8-vtLIAH7toAAAAA:ByBTFwIrTlFwZ8nb3ON5Kp57JWYEGGpwKASvud0fk7NBTNqkRECvQLQybITahDWUJe2nJzTJ1a8I3cQYoLI,8
310,"Liu, A Papakonstantinou, H Wang…",Real-time object tracking system on FPGAs,47,2011,https://ieeexplore.ieee.org/abstract/document/6031557/?casa_token=8U32Oqyia5AAAAAA:VTuXztI17mU35YPKRtuEIKkDWnGwkTtfajGwZGS3Y1Zad3pX6cYT53Dqtp9V05eNUxMVpA9d-IA,4
329,"Zhai, L Chen, G Mori…",Deep learning of appearance models for online object tracking,46,2018,http://openaccess.thecvf.com/content_eccv_2018_workshops/w24/html/Zhai_Deep_Learning_of_Appearance_Models_for_Online_Object_Tracking_ECCVW_2018_paper.html,12
306,"Xu, ZH Feng, XJ Wu, J Kittler",Joint group feature selection and discriminative filter learning for robust visual object tracking,46,2019,http://openaccess.thecvf.com/content_ICCV_2019/html/Xu_Joint_Group_Feature_Selection_and_Discriminative_Filter_Learning_for_Robust_ICCV_2019_paper.html,15
184,"Karunasekera, H Wang, H Zhang","Multiple object tracking with attention to appearance, structure, motion and size",46,2019,https://ieeexplore.ieee.org/abstract/document/8782450/,15
213,"Ma, H Hu, J Shen, Y Liu…",Generalized pooling for robust object tracking,45,2016,https://ieeexplore.ieee.org/abstract/document/7505944/?casa_token=9VMpVMjPxUsAAAAA:FZpGrqP736hSJGLTnUDJd8_UOUk4W1K7toaKosenINEl0IHT8G7_0gSPdeMwCRWUjWYNmXf5zUw,8
92,"Zhang, H Zhou, S Sun, Z Wang…",Robust multi-modality multi-object tracking,45,2019,http://openaccess.thecvf.com/content_ICCV_2019/html/Zhang_Robust_Multi-Modality_Multi-Object_Tracking_ICCV_2019_paper.html,15
314,"Chen, L Cao, X Chen…",An equalized global graph model-based approach for multicamera object tracking,45,2016,https://ieeexplore.ieee.org/abstract/document/7508485/?casa_token=4RmjDgYbTDoAAAAA:z_XZzlBk7pV3IBkaTSLLFK2QdJvqdQPyA3MyqKd4bX4Q-XMqu3bgf4M9fhCohXhGvomrJxZlEPc,8
190,"Wüthrich, P Pastor, M Kalakrishnan…",Probabilistic object tracking using a range camera,45,2013,https://ieeexplore.ieee.org/abstract/document/6696810/?casa_token=3E4sChGxPAUAAAAA:lu5v1f7MB-jxi8A_AS8wPpAV73HCvEXDu8oGnV5FxxAiJRZvuLUW7P2juSE6hy7gq_xTRF2E_5g,5
330," Ahmad, JK Murphy, PM Langdon…",Bayesian intent prediction in object tracking using bridging distributions,45,2016,https://ieeexplore.ieee.org/abstract/document/7765149/?casa_token=nF_RtOeILyUAAAAA:2mjxfX14YyvL1_ZpBWmkEvc8LMNGCH2slOVaKmtnqhnqqFZ_H_RnNdicQKnVD5QpbcnxmPe3WIc,8
250,"Zhang, Z Li, A Perina, A Del Bue…",Adaptive local movement modeling for robust object tracking,44,2016,https://ieeexplore.ieee.org/abstract/document/7430299/?casa_token=-9od-sGJRcwAAAAA:StCdsHAUMYRg4CTZP-Nax9ts2w32BjhgRWXp9z2pHwtK2lMmO3AHE3d3ApN4YHMTD_rRfiqazjk,7
297,"Yang, M Baum, K Granström",Metrics for performance evaluation of elliptic extended object tracking methods,44,2016,https://ieeexplore.ieee.org/abstract/document/7849541/?casa_token=knXpR7qqxYsAAAAA:rnItyDZIKfm15IjYlzdtRYDT13RWS0e4G1_JW6CYah38eo1yMr3W1dm0ucbJifwx83XEgtsj_ns,7
246,"Teng, J Xing, Q Wang, C Lang…",Robust object tracking based on temporal and spatial deep networks,44,2017,http://openaccess.thecvf.com/content_iccv_2017/html/Teng_Robust_Object_Tracking_ICCV_2017_paper.html,9
324,"Chen, Y Dang, R Liang, W Zhu…",Real-time object tracking on a drone with multi-inertial sensing data,43,2017,https://ieeexplore.ieee.org/abstract/document/8054712/?casa_token=pnkCLFC4K2IAAAAA:-xdHlup7zVzmZDpcXgC1DGigZVRe_f3PO3ezyv86rGBo878PhUd_YAd9LTGGapC1dm8B_-b4DiI,9
273,"Shen, X Tang, X Dong, L Shao",Visual object tracking by hierarchical attention siamese network,41,2019,https://ieeexplore.ieee.org/abstract/document/8835075/?casa_token=MADUhD5fI-0AAAAA:Fc6uweNHj1YJdfcW9K8DKuH-TW5ycyYGqA5WB2d6vV3pKGNfPDIy1ly5sESHBsoq-EkRkxpIlps,14
300,"Wen, D Du, Z Cai, Z Lei, M Chang, H Qi…",DETRAC: A new benchmark and protocol for multi-object tracking,39,2015,https://www.researchgate.net/profile/Longyin_Wen/publication/283986610_UA-DETRAC_A_new_benchmark_and_protocol_for_multi-object_detection_and_tracking/links/564ccf3b08ae1ef9296a441c/UA-DETRAC-A-new-benchmark-and-protocol-for-multi-object-detection-and-tracking.pdf,6
295,"Maksai, P Fua",Eliminating exposure bias and metric mismatch in multiple object tracking,38,2019,http://openaccess.thecvf.com/content_CVPR_2019/html/Maksai_Eliminating_Exposure_Bias_and_Metric_Mismatch_in_Multiple_Object_Tracking_CVPR_2019_paper.html,13
230,"Fiaz, A Mahmood, S Javed, SK Jung",Handcrafted and deep trackers: Recent visual object tracking approaches and trends,38,2019,https://dl.acm.org/doi/abs/10.1145/3309665,13
270," Ray, MU Chowdhury…",Secure object tracking protocol for the Internet of Things,38,2016,https://ieeexplore.ieee.org/abstract/document/7478626/?casa_token=1HTQPV14bDEAAAAA:RjNTkp28tjGwVVKy-boF-H7pqHUjr7ZeJtd7fGSi4rrinvfJi_17ru8-GPipPJaRrhnkStg4EuA,6
290,"Yuan, H Yang, Y Fang, W Lin",Visual object tracking by structure complexity coefficients,37,2015,https://ieeexplore.ieee.org/abstract/document/7117428/?casa_token=5A55JOPZVsEAAAAA:mtbV-P3t1NpZg0igtz86_ANaJNrIjkTqs1lW1ZvBIUdWlHj3txS0k2LhPUolKdWcrVMI5R67Phs,5
101,"Brasó, L Lea",Learning a neural solver for multiple object tracking,37,2020,http://openaccess.thecvf.com/content_CVPR_2020/html/Braso_Learning_a_Neural_Solver_for_Multiple_Object_Tracking_CVPR_2020_paper.html,18
120,"Chiani, A Giorgetti, E Paolini",Sensor radar for object tracking,37,2018,https://ieeexplore.ieee.org/abstract/document/8365918/?casa_token=t3nc-T16c4UAAAAA:75ZPs6IVT6py-0kzlpG7KsX535x4e4E6tc61FrRdhLSJBe91H0KS_o2wiO7cPDw1OnRPB5Ae1c4,9
313,"Seol, EK Lee, W Kim",Indoor mobile object tracking using RFID,37,2017,https://www.sciencedirect.com/science/article/pii/S0167739X16302552?casa_token=9S17yhm41LwAAAAA:3A-d9ATw0wQU3XTQQroobA2gRl9RiGSp9MgnAIMgfkuIMoFtBkViCQqnSD_0YOtrLR30N9GSnYw,7
251,"Ošep, A Hermans, F Engelmann…",Multi-scale object candidates for generic object tracking in street scenes,37,2016,https://ieeexplore.ieee.org/abstract/document/7487487/?casa_token=RQdxFE2dc5YAAAAA:oNX0AnkeNSRK4L1EkuFfiyllUsc9Wt0sbIQBSCYcoqsjoVPJ-dEC_Y65A0ABqp1f6iMsvQU7KfY,6
95,"Beard, BT Vo, BN Vo",A solution for large-scale multi-object tracking,36,2020,https://ieeexplore.ieee.org/abstract/document/9063553/,18
91,"Fiaz, A Mahmood, SK Jung",Tracking noisy targets: A review of recent object tracking approaches,36,2018,https://arxiv.org/abs/1802.03098,9
271,"Ren, J Lu, Z Wang, Q Tian…",Collaborative deep reinforcement learning for multi-object tracking,35,2018,http://openaccess.thecvf.com/content_ECCV_2018/html/Liangliang_Ren_Collaborative_Deep_Reinforcement_ECCV_2018_paper.html,9
77,"Liang, Y Pang, C Liao, X Mei…",Adaptive objectness for object tracking,35,2016,https://ieeexplore.ieee.org/abstract/document/7457299/?casa_token=b7BZEkK1XnAAAAAA:7aO2yNWzvMXW3aduOe7Zirnld_BOJx3EZLk7zLxWNnibfv8YrZeow5atErLY7tliLfKkAr1wGFs,6
249,"Hu, B Ma, J Shen, L Shao",Manifold regularized correlation object tracking,34,2017,https://ieeexplore.ieee.org/abstract/document/7896655/?casa_token=WmKQcA2BzoQAAAAA:5Y3zE2Yuhzz4PVytZkeAlAMfbQc2WX2pFtlet-FmL1slj-Cxyn_sirvIIQr8Ri1fG7zy97m9sUQ,7
168,"Baser, V Balasubramanian…",Fantrack: 3d multi-object tracking with feature association network,33,2019,https://ieeexplore.ieee.org/abstract/document/8813779/?casa_token=xdgW7kaYVIUAAAAA:x9IpDYgOmCVFaCC6oStzpX6LvJDqCqGzp1VAnH4KIPEh8oUwJW3x73xCnaXYGHhOMElzB3KWF3s,11
228,"Damani, H Shah, K Shah, M Vala",Global positioning system for object tracking,33,2015,http://citeseerx.ist.psu.edu/viewdoc/download?doi=10.1.1.695.4736&rep=rep1&type=pdf,5
215,Murray,Real-time multiple object tracking-a study on the importance of speed,33,2017,https://arxiv.org/abs/1709.03572,7
179,"Lan, X Wang, S Zhang, D Tao, W Gao…",Interacting tracklets for multi-object tracking,33,2018,https://ieeexplore.ieee.org/abstract/document/8370670/?casa_token=CcyIyqCdixUAAAAA:b8JmBmNlnCnjD6atDOrwIa9Iq55PGOcOfCHw31Xa-NN9xWzj0Z8fvpogt5PCp5rJ6aBoM03la4k,8
267," Kim, JB Park, JH Shin…",Design and implementation of object tracking system based on LoRa,32,2017,https://ieeexplore.ieee.org/abstract/document/7899535/?casa_token=VkWHA5f0ygMAAAAA:ktPt4ivjB7-a9emytO4vVSyZZewYIDjKtCaABpDdM8UkGuFt6kJg-x12vG0-Eu6TBv6ORO6Uszc,6
202,"Fan, Z Wang, B Cail, C Tao, Z Zhang…",A survey on multiple object tracking algorithm,30,2016,https://ieeexplore.ieee.org/abstract/document/7832121/?casa_token=NssDY9hHvnsAAAAA:p6yaoLAnAtqgVatmYbGeujtX8lL7DFFmDwp37iBM4ad9n8GfoSLoE-DAA34ABRxFWM1E37PPnQI,5
239,"Llort, H Servat, J González…",On the usefulness of object tracking techniques in performance analysis,28,2013,https://ieeexplore.ieee.org/abstract/document/6877462/,3
186," Lu, PX Li, D Wang",Visual object tracking: a survey,28,2018,https://en.cnki.com.cn/Article_en/CJFDTotal-MSSB201801008.htm,7
163,"Lu, C Ma, B Ni, X Yang",Adaptive region proposal with channel regularization for robust object tracking,27,2019,https://ieeexplore.ieee.org/abstract/document/8853333/?casa_token=I_KF_rcQk3kAAAAA:DEU56pcZY7MKkhIH7xoPybyWtT317FG8noMIKzwhKcbD-BiyY1btTa8tsMoqcvoj9yi4wEjq1fM,9
98," Hadfield, R Bowden, K Lebeda",The visual object tracking VOT2016 challenge results,27,2016,https://openresearch.surrey.ac.uk/permalink/44SUR_INST/15d8lgh/alma99512576102346,4
275,"Liang, Y Wu, H Lu, L Wang, C Liao…",Planar object tracking in the wild: A benchmark,27,2018,https://ieeexplore.ieee.org/abstract/document/8461037/?casa_token=NvDeBh_KAXIAAAAA:VFHn1hWPY-j0rlEUEPfCV2t350F0SpG4gx-RDJNHRLkCPWvx5KlC7SA5bn3TMF0JhQjD8M8tIDg,7
229," Patel, A Mishra",Moving object tracking techniques: A critical review,26,2013,https://citeseerx.ist.psu.edu/viewdoc/download?doi=10.1.1.374.9670&rep=rep1&type=pdf,3
241,"Moudgil, V Gandhi",Long-term visual object tracking benchmark,26,2017,https://arxiv.org/abs/1712.01358,5
217,"Sivanantham, NN Paul, RS Iyer",Object tracking algorithm implementation for security applications,26,2016,https://www.researchgate.net/profile/Sivanantham_S/publication/291074807_Object_tracking_algorithm_implementation_for_security_applications/links/569de13508ae950bd7a6b77d/Object-tracking-algorithm-implementation-for-security-applications.pdf,4
224,"Yuan, N Fan, Z He",Learning target-focusing convolutional regression model for visual object tracking,26,2020,https://www.sciencedirect.com/science/article/pii/S0950705120300320?casa_token=AQAb5tSGqfwAAAAA:lcz55Bz4OAzFNJ7tYIRpcDkKctS6poyiwx4Up4EexFQcyM2V04Jry3OQ-jFw0o1tVU1GM4Ep1Hc,13
296,"Lee, D Kim",Salient region-based online object tracking,25,2018,https://ieeexplore.ieee.org/abstract/document/8354237/?casa_token=cCy0ctuqSZ8AAAAA:FXFX7DwU9BXhWGuiemFppGtpQFrwNKGh3odzUT5CBkLz9XqsgnOfgf702NmwEs5d4bPOfnP3gxM,6
102,"Zhan, C Wang, X Wang, W Zeng, W Liu",A simple baseline for multi-object tracking,25,2020,https://arxiv.org/abs/2004.01888,12
242,"Wang, HK Galoogahi, CH Lin…",Deep-LK for efficient adaptive object tracking,22,2018,https://ieeexplore.ieee.org/abstract/document/8460815/?casa_token=2YS_Ad-RAgoAAAAA:Su_FY-akzmpO70qBBExnGIgJBa6hK9u3bpn4oFG9gfbYKJXqueV9yrmZ9zLy7CX9B7Y3SOQhvnw,6
308,"Lu, B Ni, C Ma, X Yang",Learning transform-aware attentive network for object tracking,21,2019,https://www.sciencedirect.com/science/article/pii/S0925231219302358?casa_token=UnjcVTqLO3cAAAAA:ZyQywrXH4jMOTrvOD2mN_zf7j9Ysa_CrosmVfOOyFZ6A9j-tEdmf4GsPme-m8hQEiBFD0dX0P-0,7
130,"Yuan, X Li, Z He, Q Liu, S Lu",Visual object tracking with adaptive structural convolutional network,21,2020,https://www.sciencedirect.com/science/article/pii/S0950705120300472?casa_token=Vgm6erazG90AAAAA:qVesSBeBhy80ESN6u95eCcsNLOEgwpqwFEZ-0v477_p1vIGM-pnRQRwoTAlxVhMKF55xJK5uRlk,10
312,"Moudgil, V Gandhi",Long-term visual object tracking benchmark,19,2018,https://link.springer.com/chapter/10.1007/978-3-030-20890-5_40,5
272,"Chen, H Ai, R Chen, Z Zhuang",Aggregate tracklet appearance features for multi-object tracking,19,2019,https://ieeexplore.ieee.org/abstract/document/8831410/?casa_token=vwjHnbcnhjAAAAAA:2OrNfCIio7zbbgAzbr_ZIf3HiglD879tTnChok_etw3cG7TOdPc0sDxTOnNsNc_eqOfBPHWEX0E,6
302,"Ramesh, S Zhang, ZW Lee, Z Gao, G Orchard…",Long-term object tracking with a moving event camera.,18,2018,http://bmvc2018.org/contents/papers/0814.pdf,4
235,"Porzi, M Hofinger, I Ruiz, J Serrat…",Learning multi-object tracking and segmentation from automatic annotations,14,2020,http://openaccess.thecvf.com/content_CVPR_2020/html/Porzi_Learning_Multi-Object_Tracking_and_Segmentation_From_Automatic_Annotations_CVPR_2020_paper.html,7
174,"Kristan, A Leonardis, J Matas, M Felsberg…",The eighth visual object tracking VOT2020 challenge results,3,2020,https://link.springer.com/chapter/10.1007/978-3-030-68238-5_39,2
309,Author not found,Could not catch title,0,0,"Look manually at: https://scholar.google.com/scholar?start=270&q=object+tracking&hl=en&as_sdt=0,5",0
320,Author not found,Could not catch title,0,0,"Look manually at: https://scholar.google.com/scholar?start=280&q=object+tracking&hl=en&as_sdt=0,5",0
166,Author not found,Could not catch title,0,0,"Look manually at: https://scholar.google.com/scholar?start=140&q=object+tracking&hl=en&as_sdt=0,5",0
298,Author not found,Could not catch title,0,0,"Look manually at: https://scholar.google.com/scholar?start=260&q=object+tracking&hl=en&as_sdt=0,5",0
287,Author not found,Could not catch title,0,0,"Look manually at: https://scholar.google.com/scholar?start=250&q=object+tracking&hl=en&as_sdt=0,5",0
5,Author not found,Could not catch title,0,0,"Look manually at: https://scholar.google.com/scholar?start=0&q=object+tracking&hl=en&as_sdt=0,5",0
12,Author not found,Could not catch title,0,0,"Look manually at: https://scholar.google.com/scholar?start=0&q=object+tracking&hl=en&as_sdt=0,5",0
23,Author not found,Could not catch title,0,0,"Look manually at: https://scholar.google.com/scholar?start=10&q=object+tracking&hl=en&as_sdt=0,5",0
34,Author not found,Could not catch title,0,0,"Look manually at: https://scholar.google.com/scholar?start=20&q=object+tracking&hl=en&as_sdt=0,5",0
45,Author not found,Could not catch title,0,0,"Look manually at: https://scholar.google.com/scholar?start=30&q=object+tracking&hl=en&as_sdt=0,5",0
56,Author not found,Could not catch title,0,0,"Look manually at: https://scholar.google.com/scholar?start=40&q=object+tracking&hl=en&as_sdt=0,5",0
67,Author not found,Could not catch title,0,0,"Look manually at: https://scholar.google.com/scholar?start=50&q=object+tracking&hl=en&as_sdt=0,5",0
78,Author not found,Could not catch title,0,0,"Look manually at: https://scholar.google.com/scholar?start=60&q=object+tracking&hl=en&as_sdt=0,5",0
89,Author not found,Could not catch title,0,0,"Look manually at: https://scholar.google.com/scholar?start=70&q=object+tracking&hl=en&as_sdt=0,5",0
100,Author not found,Could not catch title,0,0,"Look manually at: https://scholar.google.com/scholar?start=80&q=object+tracking&hl=en&as_sdt=0,5",0
111,Author not found,Could not catch title,0,0,"Look manually at: https://scholar.google.com/scholar?start=90&q=object+tracking&hl=en&as_sdt=0,5",0
122,Author not found,Could not catch title,0,0,"Look manually at: https://scholar.google.com/scholar?start=100&q=object+tracking&hl=en&as_sdt=0,5",0
133,Author not found,Could not catch title,0,0,"Look manually at: https://scholar.google.com/scholar?start=110&q=object+tracking&hl=en&as_sdt=0,5",0
144,Author not found,Could not catch title,0,0,"Look manually at: https://scholar.google.com/scholar?start=120&q=object+tracking&hl=en&as_sdt=0,5",0
155,Author not found,Could not catch title,0,0,"Look manually at: https://scholar.google.com/scholar?start=130&q=object+tracking&hl=en&as_sdt=0,5",0
177,Author not found,Could not catch title,0,0,"Look manually at: https://scholar.google.com/scholar?start=150&q=object+tracking&hl=en&as_sdt=0,5",0
188,Author not found,Could not catch title,0,0,"Look manually at: https://scholar.google.com/scholar?start=160&q=object+tracking&hl=en&as_sdt=0,5",0
199,Author not found,Could not catch title,0,0,"Look manually at: https://scholar.google.com/scholar?start=170&q=object+tracking&hl=en&as_sdt=0,5",0
210,Author not found,Could not catch title,0,0,"Look manually at: https://scholar.google.com/scholar?start=180&q=object+tracking&hl=en&as_sdt=0,5",0
221,Author not found,Could not catch title,0,0,"Look manually at: https://scholar.google.com/scholar?start=190&q=object+tracking&hl=en&as_sdt=0,5",0
232,Author not found,Could not catch title,0,0,"Look manually at: https://scholar.google.com/scholar?start=200&q=object+tracking&hl=en&as_sdt=0,5",0
243,Author not found,Could not catch title,0,0,"Look manually at: https://scholar.google.com/scholar?start=210&q=object+tracking&hl=en&as_sdt=0,5",0
254,Author not found,Could not catch title,0,0,"Look manually at: https://scholar.google.com/scholar?start=220&q=object+tracking&hl=en&as_sdt=0,5",0
265,Author not found,Could not catch title,0,0,"Look manually at: https://scholar.google.com/scholar?start=230&q=object+tracking&hl=en&as_sdt=0,5",0
276,Author not found,Could not catch title,0,0,"Look manually at: https://scholar.google.com/scholar?start=240&q=object+tracking&hl=en&as_sdt=0,5",0
331,Author not found,Could not catch title,0,0,"Look manually at: https://scholar.google.com/scholar?start=290&q=object+tracking&hl=en&as_sdt=0,5",0
